ts,ad_id,model_key,price,condition,extras,location,title
2026-09-02T14:41:57+00:00,3501766411,ps5_disc,365,gebraucht,0,58636 Iserlohn,***PlayStation 5***Disc Edition
2026-09-02T14:41:57+00:00,3501765232,ps5_slim,500,neu,0,82377 Penzberg,ps5 slim mit Laufwerk
2026-09-02T14:41:57+00:00,3501764515,ps5_digital,449,neu,0,53332 Bornheim,PlayStation 5 SLIM DIGITAL✅ - WIE NEU MIT OVP RECHNUNG/GARANTIE✅
2026-09-02T14:41:57+00:00,3501763852,ps5_disc,400,neu,0,79618 Rheinfelden (Baden),PS5 Disc Edition
2026-09-02T14:41:57+00:00,3501741502,ps4,220,gebraucht,0,75217 Birkenfeld,Sony PlayStation 4 Slim Limited Edition Camouflage 1TB
2026-09-02T14:41:57+00:00,3501760843,ps5_digital,450,neu,0,50827 Ehrenfeld,"Playstation 5 Digital Slim (Wie neu, mit OVP)"
2026-09-02T14:41:57+00:00,3501738674,ps5_disc,500,gebraucht,0,12555 Köpenick,Ps5 mit gta 5 und the Motor fest
2026-09-02T14:41:57+00:00,3501759100,ps5_disc,150,gebraucht,1,22547 Hamburg Lurup,Sony PlayStation 5 mit 2 Controllern und Monitor
2026-09-02T14:41:57+00:00,3501758713,ps5_pro,1100,neu,0,95183 Trogen,PS5 Pro 2TB neu(Originalverpackung)
2026-09-02T14:41:57+00:00,3501756934,ps5_digital,480,gebraucht,0,42285 Barmen,PlayStation 5 Digital Edition + Controller
2026-09-02T14:41:57+00:00,3501755661,ps5_disc,380,gebraucht,0,53879 Euskirchen,PS5 825GB Disc Edition
2026-09-02T14:41:57+00:00,3501734855,ps5_pro,1399,gebraucht,0,52076 Kornelimünster/Walheim,PS5 Pro + Laufwerk + DualSense Edge neuwertig 4 TB PLAYSTATION 5
2026-09-02T14:41:57+00:00,3501754158,ps5_pro,850,gebraucht,0,37120 Bovenden,Playstation 5 pro Konsole mit Garantie vom 5/26
2026-09-02T14:41:57+00:00,3501753701,ps5_disc,550,neu,1,44143 Mitte,"PlayStation 5 Disc Edition – kaum benutzt, 2 Controller"
2026-09-02T14:41:57+00:00,3501752946,ps5_digital,400,gebraucht,0,52064 Aachen-Mitte,PlayStation 5 digital
2026-09-02T14:41:57+00:00,3501751407,ps5_digital,500,gebraucht,0,30451 Linden-Limmer,PS5  Digital 825GB 1 Controller
2026-09-02T14:42:02+00:00,3501766945,switch,200,gebraucht,0,38239 Salzgitter,Nintendo Switch Konsole - Monster Hunter Edition
2026-09-02T14:42:02+00:00,3501765773,switch,280,neu,1,58089 Hagen,NINTENDO SWITCH
2026-09-02T14:42:02+00:00,3501765762,switch_oled,265,gebraucht,0,37412 Herzberg am Harz,Nintendo Switch OLED Zelda Tears of the Kingdom Edition
2026-09-02T14:42:02+00:00,3501765225,switch,150,gebraucht,0,74385 Pleidelsheim,Nintendo Switch V2
2026-09-02T14:42:02+00:00,3501765121,switch,370,gebraucht,3,"04317 Leipzig, Zentrum-Ost",Nintendo Switch Konsole mit 11 Spielen und Zubehör
2026-09-02T14:42:02+00:00,3501765040,switch2,350,neu,0,38667 Bad Harzburg,Ungeöffnete Nintendo Switch 2 zum Verkauf
2026-09-02T14:42:02+00:00,3501764542,switch,249,gebraucht,1,50739 Nippes,Nintendo Switch Konsole Bundle mit Zubehör & 4 Spielen
2026-09-02T14:42:02+00:00,3501763381,switch,175,neu,0,81241 Pasing-Obermenzing,"Nintendo Switch V2 Wie neu + Dock, Tasche, Grip & Netzteil"
2026-09-02T14:42:02+00:00,3501762012,switch,249,gebraucht,1,73230 Kirchheim unter Teck,"Nintendo Switch Konsole mit Pro Controller, Tasche & 3 Spielen"
2026-09-02T14:42:02+00:00,3501760156,switch,240,gebraucht,1,40472 Unterrath,Nintendo Switch Konsole Grau/Schwarz + Joy con Grip + 3 Spiele
2026-09-02T14:42:02+00:00,3501758881,switch2,560,gebraucht,0,63773 Goldbach,Nintendo Switch 2 Konsole
2026-09-02T14:42:02+00:00,3501758860,switch,150,gebraucht,0,13507 Reinickendorf,Nintendo Switch
2026-09-02T14:42:02+00:00,3501758639,switch2,399,gebraucht,0,16761 Hennigsdorf,Nintendo Switch 2 zuverkaufen
2026-09-02T14:42:02+00:00,3501758025,switch_lite,150,gebraucht,0,51061 Köln Höhenhaus,Nintendo Switch Lite Türkis inkl. 128GB & Pikachu Tasche
2026-09-02T14:42:02+00:00,3501755144,switch,150,gebraucht,0,14195 Steglitz,Nintendo Switch Super Smash Bros Ultimate Edition inkl. Zubehör
2026-09-02T14:42:02+00:00,3501754556,switch2,799,gebraucht,2,10245 Friedrichshain,Nintendo Switch 2 + Mario Kart + 8 Spiele + Zubehör – Top Zustand
2026-09-02T14:42:02+00:00,3501755544,switch,190,neu,0,84385 Egglham,Nintendo Switch Konsole mit OVP und Tragetasche
2026-09-02T14:42:02+00:00,3501755239,switch2,390,neu,0,65451 Kelsterbach,Nintendo Switch 2 Konsole - Wie neu in OVP
2026-09-02T14:42:02+00:00,3501754857,switch,140,gebraucht,0,66459 Kirkel,Nintendo Switch V1 Konsole
2026-09-02T14:42:08+00:00,3501767294,xbox_series_s,230,gebraucht,0,12627 Hellersdorf,Xbox Series S mit Controller
2026-09-02T14:42:08+00:00,3501765880,xbox_series_s,230,gebraucht,1,30655 Hannover Groß Buchholz,Xbox Series S
2026-09-02T14:42:08+00:00,3501762973,xbox_series_s,240,neu,0,46499 Hamminkeln,Xbox Series S 512GB mit Controller
2026-09-02T14:42:08+00:00,3501762524,xbox_series_x,800,gebraucht,3,12351 Neukölln,"Xbox Series X mit externen 5TB, 17 Spielen & 7 Controllern"
2026-09-02T14:42:08+00:00,3501762394,xbox_series_x,450,gebraucht,0,37574 Einbeck,Xbox Series X 1TB
2026-09-02T14:42:08+00:00,3501755245,xbox_series_s,240,gebraucht,0,81927 Bogenhausen,"Xbox Series S komplett, TOP"
2026-09-02T14:42:08+00:00,3501748074,xbox_series_x,500,gebraucht,0,49477 Ibbenbüren,Xbox Series X 1TB
2026-09-02T14:42:08+00:00,3501744292,xbox_series_x,300,gebraucht,0,80638 Nymphenburg,Xbox series X
2026-09-02T14:42:08+00:00,3501733869,xbox_series_s,100,neu,0,41812 Erkelenz,Xbox Series S + Controller
2026-09-02T14:42:08+00:00,3501727808,xbox_series_s,250,gebraucht,0,61348 Bad Homburg,Xbox Series S mit Xbox Elite Controller
2026-09-02T14:42:08+00:00,3501719995,xbox_series_x,550,gebraucht,0,93149 Nittenau,Xbox Series X Konsole mit Controller
2026-09-02T14:42:08+00:00,3501719947,xbox_series_s,200,gebraucht,0,26639 Wiesmoor,XBOX Series S im sehr guten Zustand
2026-09-02T14:42:08+00:00,3501718645,xbox_series_x,300,gebraucht,0,80638 Nymphenburg,Xbox Series X
2026-09-02T14:42:08+00:00,3501713534,xbox_series_x,550,neu,0,16548 Glienicke/Nordbahn,Xbox Series X mit OVP und Controller
2026-09-02T14:42:08+00:00,3501694852,xbox_series_s,250,neu,0,34590 Wabern,Xbox Series S 512GB Konsole mit Controller und OVP
2026-09-02T14:42:08+00:00,3501687460,xbox_series_x,460,gebraucht,0,56203 Höhr-Grenzhausen,Xbox Series X
2026-09-02T14:42:08+00:00,3501679637,xbox_series_s,250,gebraucht,0,34346 Hann. Münden,Xbox Series S
2026-09-02T14:42:08+00:00,3501675943,xbox_series_x,599,gebraucht,1,12161 Steglitz,XBoX Series X
2026-09-02T14:42:14+00:00,3501761571,steamdeck,350,gebraucht,0,07745 Jena,Steam Deck 256GB + Dock und Zubehör Angebot Abholung heute 350€
2026-09-02T14:42:14+00:00,3501750715,steamdeck_oled,290,gebraucht,0,17438 Wolgast,Valve Steam Deck OLED 512 GB – sehr guter Zustand
2026-09-02T14:42:14+00:00,3500238231,steamdeck_oled,600,gebraucht,0,47799 Krefeld,Steam Deck OLED 1 TB
2026-09-02T14:42:14+00:00,3478721749,steamdeck_oled,660,gebraucht,0,91315 Höchstadt,Steam Deck OLED 512 GB
2026-09-02T14:42:14+00:00,3501695341,steamdeck,300,gebraucht,0,46509 Xanten,Steamdeck LCD 64Gb
2026-09-02T14:42:14+00:00,3501670429,steamdeck_oled,670,neu,0,51515 Kürten,Valve Steamdeck 512GB OLED NEU & OVP
2026-09-02T14:42:14+00:00,3501638040,steamdeck,420,gebraucht,0,85298 Scheyern,"Valve Steam Deck LCD Modell 1010, 512 GB"
2026-09-02T14:42:14+00:00,3501597710,steamdeck,360,gebraucht,0,07745 Jena,Steam Deck 256GB + Dock und Zubehör Angebot heute 360€
2026-09-02T14:42:14+00:00,3501574926,steamdeck_oled,749,gebraucht,0,50733 Nippes,Steam Deck OLED 1TB + Gripcase + dBrand Skin
2026-09-02T14:42:14+00:00,3489910147,steamdeck_oled,580,gebraucht,0,28816 Stuhr,Steam Deck 512 GB OLED
2026-09-02T14:42:14+00:00,3501489810,steamdeck_oled,650,neu,0,63065 Offenbach,Steam Deck 512gb OLED NEU UND ORIGINALVERPACKT
2026-09-02T14:42:14+00:00,3501466080,steamdeck,419,gebraucht,0,67346 Speyer,Steam Deck LCD 256 GB + JSAUX Dockingstation – neuwertig
2026-09-02T14:42:14+00:00,3501382811,steamdeck,325,gebraucht,0,28816 Stuhr,Steam Deck 64+512 GB Top Zustand
2026-09-02T14:42:14+00:00,3501292232,steamdeck_oled,750,neu,0,78052 Villingen-Schwenningen,Steam Deck OLED 1TB - Wie neu mit OVP & ModCase & RG
2026-09-02T14:42:14+00:00,3501240861,steamdeck_oled,650,gebraucht,0,44791 Bochum-Ost,Steam Deck OLED 512GB + 512GB MicroSD Karte
2026-09-02T14:42:14+00:00,3501255750,steamdeck_oled,700,gebraucht,0,66115 Burbach,Steamdeck 1TB OLED
2026-09-02T14:42:14+00:00,3501241834,steamdeck,400,gebraucht,0,91126 Rednitzhembach,Steam Deck LCD 256 GB
2026-09-02T14:42:14+00:00,3501201485,steamdeck_oled,620,gebraucht,0,60437 Nieder-Eschbach,Steam Deck OLED 1TB
2026-09-02T14:42:14+00:00,3501195931,steamdeck_oled,575,neu,0,49692 Cappeln (Oldenburg),Steam Deck OLED 512 GB inkl. Schutzfolie - OVP
2026-09-02T14:42:14+00:00,3501181429,steamdeck_oled,599,gebraucht,0,50321 Brühl,STEAM DECK OLED 512 GB. GARANTIE VON JANUAR 2026
2026-09-02T14:42:14+00:00,3501175752,steamdeck,450,gebraucht,0,30966 Hemmingen,Steam Deck LCD 1TB Corsair SSD mit Docking Station
2026-09-02T14:42:14+00:00,3501147846,steamdeck_oled,700,gebraucht,0,22117 Hamburg Billstedt,Steam Deck OLED 2TB
2026-09-02T15:09:59+00:00,3501795062,ps5_disc,550,gebraucht,1,64285 Darmstadt,Playstation 5 mit Laufwerk - 825GB - 2 Controller
2026-09-02T15:09:59+00:00,3501794795,ps5_disc,600,neu,1,26919 Brake (Unterweser),PS5 mit 2 Controllern - Neu und unverpackt !!!
2026-09-02T15:09:59+00:00,3501794002,ps5_disc,300,gebraucht,0,93133 Burglengenfeld,Ps5 PlayStation 5 Disc
2026-09-02T15:09:59+00:00,3501793705,ps5_pro,1300,gebraucht,0,91074 Herzogenaurach,PlayStation 5 Pro 2TB Bundle mit Zubehör – Top Zustand
2026-09-02T15:09:59+00:00,3501793017,ps5_disc,400,neu,0,45143 Essen-West,Sony PlayStation 5 Konsole - wie neu
2026-09-02T15:09:59+00:00,3501791173,ps5_digital,475,gebraucht,1,64572 Büttelborn,PlayStation 5 Digital
2026-09-02T15:09:59+00:00,3501790965,ps5_disc,320,gebraucht,0,74613 Öhringen,Verkaufe meine PlayStation 5 ohne Laufwerk
2026-09-02T15:09:59+00:00,3501789498,ps5_pro,1350,neu,0,22525 Hamburg Stellingen,Sony PlayStation PS 5 Pro 2TB NEU & OVP
2026-09-02T15:09:59+00:00,3501788559,ps5_slim,500,neu,0,64289 Darmstadt,Sony PlayStation 5 Slim 1TB Konsole mit Controller und OVP
2026-09-02T15:09:59+00:00,3501753599,ps5_digital,450,gebraucht,0,94315 Straubing,PS5 Digital Edition God of War Unikat mit Zubehör
2026-09-02T15:09:59+00:00,3501787772,ps5_digital,499,gebraucht,0,53547 Leubsdorf Rhein,Sony PlayStation 5 Digital Edition Konsole
2026-09-02T15:09:59+00:00,3501786466,ps5_disc,449,gebraucht,0,55130 Mainz,Playstation 5 Disc/PS5 825GB Lesen‼️
2026-09-02T15:09:59+00:00,3501786120,ps5_disc,500,neu,0,23966 Wismar,PS5 mit OVP
2026-09-02T15:09:59+00:00,3501783993,ps5_slim,550,gebraucht,1,24837 Schleswig,Playstation 5 Slim 1TB Disk Version
2026-09-02T15:09:59+00:00,3501782540,ps5_slim,449,gebraucht,0,55130 Mainz,Playstation 5 Slim 1TB/PS5 1TB Lesen‼️
2026-09-02T15:09:59+00:00,3501759229,ps5_pro,1050,neu,0,60439 Niederursel,Ps 5 pro 3 Monate alt OVP gta 6 ready
2026-09-02T15:09:59+00:00,3501781281,ps5_slim_digital,449,gebraucht,1,27419 Lengenbostel,PS5 Slim Digital Edition + 2 Controller – sehr guter Zustand
2026-09-02T15:09:59+00:00,3501780449,ps5_disc,600,neu,0,97469 Gochsheim,Playstation 5 neu OVP ungeöffnet 1 TB
2026-09-02T15:10:10+00:00,3501795709,switch,199,gebraucht,0,46117 Oberhausen,Nintendo Switch 32GB Limited Edition Grün/Rosa
2026-09-02T15:10:10+00:00,3501794054,switch,310,gebraucht,1,31737 Rinteln,Nintendo Switch Konsole mit Zubehör und Tasche
2026-09-02T15:10:10+00:00,3501793779,switch,180,gebraucht,0,34549 Edertal,Nintendo Switch
2026-09-02T15:10:10+00:00,3501793190,switch,175,gebraucht,0,45276 Steele,Nintendo Switch Konsole grau
2026-09-02T15:10:10+00:00,3501792482,switch,150,gebraucht,0,01127 Mickten,Nintendo Switch Verlaufe und Taudche
2026-09-02T15:10:10+00:00,3501791657,switch_oled,400,gebraucht,0,67753 Reipoltskirchen,Nintendo Switch OLED Tears of the Kingdom Edition
2026-09-02T15:10:10+00:00,3501789164,switch,165,gebraucht,0,52351 Düren,Nintendo Switch 1
2026-09-02T15:10:10+00:00,3501787336,switch,250,gebraucht,1,83101 Rohrdorf,Nintendo Switch Monster Hunter Rise Edition + 5 Spiele
2026-09-02T15:10:10+00:00,3501787313,switch,155,gebraucht,0,42549 Velbert,Nintendo Switch Konsole
2026-09-02T15:10:10+00:00,3501780674,switch,110,gebraucht,0,30179 Nord,Nintendo Switch Konsole mit Snipperclips Spiel
2026-09-02T15:10:10+00:00,3501778202,switch,130,gebraucht,0,35396 Gießen,Nintendo Switch günstig abzugeben
2026-09-02T15:10:10+00:00,3501774966,switch2,900,gebraucht,3,94474 Vilshofen an der Donau,Nintendo Switch 2 mit viel Zubehör und 14 Spielen
2026-09-02T15:10:10+00:00,3501774907,switch2,400,gebraucht,0,45768 Marl,Nintendo Switch 2
2026-09-02T15:10:10+00:00,3501774545,switch2,560,neu,0,63773 Goldbach,Nintendo Switch 2 Konsole in OVP
2026-09-02T15:10:10+00:00,3501774424,switch,150,neu,0,53909 Zülpich,Nintendo Switch
2026-09-02T15:10:10+00:00,3501774371,switch,165,gebraucht,1,21614 Buxtehude,Nintendo Switch Konsole mit Zubehör und Tasche
2026-09-02T15:10:10+00:00,3501771106,switch_oled,455,gebraucht,0,45326 Altenessen,Nintendo Switch Oled
2026-09-02T15:10:10+00:00,3501771035,switch,300,gebraucht,0,59192 Bergkamen,Nintendo Switch mit Zubehör
2026-09-02T15:10:10+00:00,3501770325,switch_oled,150,gebraucht,0,94469 Deggendorf,Nintendo Switch OLED Zelda Tears of the Kingdom Edition
2026-09-02T15:10:38+00:00,3501791285,xbox_series_x,689,gebraucht,0,49688 Lastrup,Xbox Series X
2026-09-02T15:10:38+00:00,3501789956,xbox_series_s,265,neu,0,44339 Eving,Xbox Serie S  !!NEU!!
2026-09-02T15:10:38+00:00,3501785817,xbox_series_s,140,gebraucht,0,96132 Schlüsselfeld,Xbox series S 512GB top
2026-09-02T15:10:38+00:00,3501782052,xbox_series_s,300,neu,0,47119 Homberg/Ruhrort/Baerl,Xbox series s
2026-09-02T15:10:38+00:00,3501778648,xbox_series_s,111,neu,0,16866 Kyritz,Xbox Series/S
2026-09-02T15:10:38+00:00,3501769962,xbox_series_s,400,gebraucht,1,65582 Diez,Xbox One S Series 2 Controller tastatur und maus
2026-09-02T15:10:38+00:00,3501768365,xbox_series_s,200,gebraucht,0,35460 Staufenberg,Xbox Series s
2026-09-02T15:10:38+00:00,3501767737,xbox_series_x,899,neu,0,09526 Olbernhau,Xbox Series X 1TB NEU + Seagate 1TB + OVP + Controller + HDMI
2026-09-02T15:10:50+00:00,3501765263,steamdeck,375,gebraucht,0,10365 Lichtenberg,Steam Deck LCD 64GB mit 512 SD-Karte plus Zubehört
2026-09-02T15:10:50+00:00,3501780332,steamdeck_oled,535,neu,0,22393 Hamburg Sasel,OLED STEAM DECK VALVE 1TB + OFFIZIELLES DOCK WIE NEU
2026-09-02T15:16:22+00:00,3501800957,ps5_disc,650,gebraucht,0,45897 Gelsenkirchen,PlayStation 5 inkl dualsense edge
2026-09-02T15:16:22+00:00,3501669521,ps5_digital,300,gebraucht,0,56593 Horhausen (Westerwald),PlayStation 5 digital in schwarz
2026-09-02T15:16:22+00:00,3501798259,ps5_disc,540,neu,0,72401 Haigerloch,Playstation 5 Disc CH-1216A Neu Versiegelt
2026-09-02T15:16:22+00:00,3501797546,ps5_disc,520,gebraucht,1,31139 Hildesheim,PlayStation 5 Disc-Version inkl. Controller und Spiele
2026-09-02T15:16:22+00:00,3501796896,ps5_slim,430,gebraucht,0,12055 Neukölln,PS5 Slim Disc 1 Tb
2026-09-02T15:16:22+00:00,3501796346,ps5_pro,900,gebraucht,0,37120 Bovenden,playstation 5 pro mit Garantie  und zweiter Controller
2026-09-02T15:16:22+00:00,3501782554,ps5_disc,350,gebraucht,0,32545 Bad Oeynhausen,Ps 5 Mit ein Controller
2026-09-02T15:16:22+00:00,3501779010,ps5_digital,475,gebraucht,2,28201 Neustadt,PlayStation 5 Digital Edition
2026-09-02T15:16:22+00:00,3501778984,ps5_pro,1100,gebraucht,0,01129 Trachau,Ps5 pro 2Tb mit Laufwerk
2026-09-02T15:16:22+00:00,3501778256,ps5_disc,380,gebraucht,0,41515 Grevenbroich,PlayStation 5
2026-09-02T15:16:22+00:00,3501777235,ps5_pro,800,neu,0,50171 Kerpen,PlayStation 5 Pro 2 TB Speicher Neu & Rechnung Festpreis
2026-09-02T15:16:26+00:00,3501802541,switch_oled,245,gebraucht,0,58675 Hemer,Nintendo Switch Oled Weiß / ca.72 Spielstunden
2026-09-02T15:16:26+00:00,3501802297,switch_lite,110,gebraucht,0,51145 Porz,Nintendo Switch Lite
2026-09-02T15:16:26+00:00,3501801826,switch,170,neu,0,52222 Stolberg (Rhld),Nintendo Switch Konsole in OVP
2026-09-02T15:16:26+00:00,3501668841,switch,150,gebraucht,0,19061 Krebsförden,Nintendo Switch
2026-09-02T15:16:26+00:00,3501800032,switch,199,gebraucht,0,23909 Ratzeburg,Nintendo Switch Konsole mit viel Zubehör im Set
2026-09-02T15:16:26+00:00,3501799722,switch_oled,170,gebraucht,0,47169 Hamborn,Nintendo Switch Oled
2026-09-02T15:16:29+00:00,3501655904,xbox_series_x,450,gebraucht,0,65779 Kelkheim,Xbox Serie X
2026-09-02T15:16:32+00:00,3501772846,steamdeck,280,gebraucht,0,44805 Bochum-Nord,Steam Deck 256GB LCD mit 64GB SD Karte
2026-09-02T15:16:32+00:00,3501137747,steamdeck_oled,549,gebraucht,0,51147 Porz,Steam Deck OLED 512 GB +Dock + Case
2026-09-02T15:16:32+00:00,3501117688,steamdeck,370,gebraucht,0,54451 Irsch,Steamdeck LCD 512 GB
2026-09-02T15:16:32+00:00,3501031280,steamdeck,350,gebraucht,0,35091 Cölbe,Steam Deck mit Zubehör
2026-09-02T15:16:32+00:00,3501064288,steamdeck_oled,650,gebraucht,0,97422 Schweinfurt,Steam Deck 512GB Oled mit Anker Docking Station
2026-09-02T15:16:32+00:00,3501032591,steamdeck_oled,650,gebraucht,0,96450 Coburg,Steam Deck Oled 512gb
2026-09-02T15:16:32+00:00,3500995948,steamdeck,850,neu,0,48268 Greven,Steam Deck
2026-09-02T15:16:32+00:00,3500972264,steamdeck_oled,1390,neu,0,70378 Hofen,Steam Deck OLED 1TB White (Limitierte Edition) NEU & OVP
2026-09-02T15:20:31+00:00,3501801326,ps5_slim,365,neu,0,76684 Östringen,Ps5 Slim Disc neu
2026-09-02T15:20:34+00:00,3501805648,switch,150,gebraucht,0,59379 Selm,Nintendo Switch + Zubehör
2026-09-02T15:20:34+00:00,3501804624,switch,350,neu,1,42105 Elberfeld-West,"Switch V1 OVP (UNPATCHED), 4 JoyCons, 2 Pro Controller + 4 Spiele"
2026-09-02T15:21:29+00:00,3501805817,ps5_slim_digital,450,gebraucht,0,65795 Hattersheim am Main,PS5 Slim Digital Edition 1TB – NEUWERTIG – nur 2-3x benutzt
2026-09-02T15:23:47+00:00,3501810087,switch,135,gebraucht,0,67551 Worms,Nintendo Switch Konsole (Mod. HAC 001) mit Dockingstation&Zubehör
2026-09-02T15:23:47+00:00,3501807833,switch2,400,neu,0,21244 Buchholz in der Nordheide,Nintendo Switch 2 NEU OVP!
2026-09-02T15:23:47+00:00,3501807644,switch2,450,gebraucht,0,89584 Ehingen (Donau),Nintendo Switch 2 mit viel Zubehör
2026-09-02T15:23:54+00:00,3500919485,steamdeck_oled,900,gebraucht,0,32694 Dörentrup,Steam Deck 1TB OLED
2026-09-02T15:27:09+00:00,3501810476,ps5_pro,1199,neu,0,51399 Burscheid,Sony PS5 Pro PlayStation mit Garantie wie neu im Mega-Bundle
2026-09-02T15:27:09+00:00,3501810293,ps5_pro,1300,neu,0,79418 Schliengen,Sony PlayStation 5 Pro Konsole - 2 TB - ungeöffnet Kaufdatum 2.9.
2026-09-02T15:27:12+00:00,3501812898,switch,130,gebraucht,0,86647 Buttenwiesen,switch nindndo
2026-09-02T15:27:12+00:00,3501811365,switch_oled,229,gebraucht,0,49751 Sögel,**Nintendo Switch OLED – guter Zustand – umfangreiches Zubehör**
2026-09-02T15:27:12+00:00,3501810327,switch,110,gebraucht,0,65606 Villmar,Nintendo Switch
2026-09-02T15:27:12+00:00,3501806699,switch2,400,neu,0,42651 Solingen,Nintendo Switch 2 mit Zubehör und Tasche in OVP
2026-09-02T15:27:15+00:00,3501812693,xbox_series_s,250,gebraucht,0,75181 Pforzheim,Xbox Series S Konsole mit Controller
2026-09-02T15:30:35+00:00,3501814233,ps5_disc,450,gebraucht,0,79576 Weil am Rhein,PlayStation 5 Disc Edition 825 GB + Controller + Black Ops 6
2026-09-02T15:30:38+00:00,3501814237,switch,250,gebraucht,2,86368 Gersthofen,Nintendo switch mit Zubehör
2026-09-02T15:30:45+00:00,3501815503,steamdeck_oled,600,gebraucht,0,59590 Geseke,Steam Deck OLED  512 GB
2026-09-02T15:34:00+00:00,3501818584,ps5_slim_digital,520,neu,0,80997 Allach-Untermenzing,PS5 Slim Digital 825GB Fortnite Bundle – NEU
2026-09-02T15:34:00+00:00,3501818275,ps5_digital,349,neu,0,72172 Sulz,Sony PlayStation 5 PS5 Digital Edition 825 GB + OVP
2026-09-02T15:34:03+00:00,3501819954,switch2,449,gebraucht,0,59425 Unna,Nintendo Switch 2 mit Zubehör
2026-09-02T15:34:03+00:00,3501819915,switch,220,gebraucht,1,92361 Berngau,"Nintendo Switch V1 mit 3 Spielen, Dock & Originalzubehör"
2026-09-02T15:34:03+00:00,3501816759,switch,200,gebraucht,0,29481 Karwitz,Nintendo Switch in schwarz/grau 2019
2026-09-02T15:34:06+00:00,3501820380,xbox_series_s,150,gebraucht,0,49413 Dinklage,Kaufen xbox Series s
2026-09-02T15:34:06+00:00,3501818307,xbox_series_s,230,neu,0,96052 Bamberg,"Xbox Series S 512GB mit Controller, OVP und Wandhalterung"
2026-09-02T15:34:06+00:00,3501817062,xbox_series_x,325,gebraucht,0,02826 Görlitz,Xbox Series X Bundle 1 TB
2026-09-02T19:27:11+00:00,3502016263,ps5_pro,850,gebraucht,1,26639 Wiesmoor,Ps5 Pro Modell CFI-7121
2026-09-02T19:27:11+00:00,3502014923,ps5_disc,470,neu,0,81241 Pasing-Obermenzing,Sony PlayStation 5 Konsole mit Controller und OVP
2026-09-02T19:27:11+00:00,3502014823,ps5_disc,400,gebraucht,1,89584 Ehingen (Donau),Sony PlayStation 5 Konsole mit 2 Controllern
2026-09-02T19:27:11+00:00,3502013292,ps5_slim,550,neu,0,40699 Erkrath,playstation 5 slim disc Version neu und ungeöffnet mit Rechnung
2026-09-02T19:27:11+00:00,3502010306,ps5_disc,400,gebraucht,0,50127 Bergheim,PlayStation 5 Disc Edition
2026-09-02T19:27:11+00:00,3502009273,ps5_digital,450,neu,0,13055 Hohenschönhausen,PlayStation 5 Slim Digital Edition inkl. Controller & OVP
2026-09-02T19:27:11+00:00,3502009103,ps5_disc,450,gebraucht,0,54675 Kruchten,Sony PlayStation 5 PS5 Disc Edition 825 GB + DualSense Controller
2026-09-02T19:27:11+00:00,3502009041,ps5_disc,399,gebraucht,0,26340 Zetel,"PlayStation 5 825gb disk inkl. Controller u. Spiel,Ladestation"
2026-09-02T19:27:11+00:00,3502006642,ps5_digital,700,neu,0,66798 Wallerfangen,Sony Playstation PS5 Digital 30Th Anniversary Edition Limited
2026-09-02T19:27:11+00:00,3502006284,ps5_pro,650,gebraucht,0,24576 Bad Bramstedt,Playstation 5 Pro
2026-09-02T19:27:11+00:00,3501999334,ps5_digital,560,gebraucht,0,78532 Tuttlingen,PlayStation 5 Slim Digital Edition 825 GB Weiß
2026-09-02T19:27:11+00:00,3501995778,ps5_disc,325,neu,0,50823 Ehrenfeld,PlayStation 5
2026-09-02T19:27:11+00:00,3501991394,ps5_pro,970,neu,0,30989 Gehrden,Sony PlayStation 5 Pro Konsole inkl. OVP
2026-09-02T19:27:11+00:00,3501989854,ps5_digital,600,gebraucht,0,81248 Aubing-Lochhausen-Langwied,Sony PlayStation 5 Digital Slim 825GB mit Garantieverlängerung
2026-09-02T19:27:11+00:00,3501989576,ps5_pro,1000,neu,0,23968 Wismar (Meckl),PlayStation 5 Pro
2026-09-02T19:27:15+00:00,3484959409,switch,100,gebraucht,1,07751 Jena,Nintendo Switch Bundle + Pro Controller + 5 Spiele + Tasche
2026-09-02T19:27:15+00:00,3502020028,switch,150,gebraucht,0,47445 Moers,Nintendo Switch
2026-09-02T19:27:15+00:00,3502018595,switch_oled,250,neu,0,64579 Gernsheim,Nintendo Switch OLED Weiß+OVP+Zubehör
2026-09-02T19:27:15+00:00,3502014887,switch,400,gebraucht,0,22335 Hamburg Ohlsdorf,"Nintendo Switch 2017, Zubehör und Spiele"
2026-09-02T19:27:15+00:00,3502011102,switch2,380,neu,0,47546 Kalkar,Nintendo Switch 2 Konsole inkl. Mario Kart World Neu mit Rechnung
2026-09-02T19:27:15+00:00,3502008302,switch,110,gebraucht,0,44319 Wickede,Nintendo Switch mit grauen Joy-Cons
2026-09-02T19:27:15+00:00,3502008280,switch2,450,neu,0,64579 Gernsheim,Nintendo Switch 2 Konsole Set wie neu+OVP+Zubehör
2026-09-02T19:27:15+00:00,3502006637,switch_lite,169,gebraucht,0,91522 Ansbach,Nintendo Switch Lite Pokémon Design
2026-09-02T19:27:15+00:00,3502005969,switch_lite,120,gebraucht,0,31020 Salzhemmendorf,Nintendo Switch Lite inklusive Netzteil und Schale
2026-09-02T19:27:15+00:00,3502004119,switch,180,neu,0,25524 Itzehoe,Nintendo Switch Pikachu & Eevee Edition + Poké Ball Plus OVP
2026-09-02T19:27:15+00:00,3502004046,switch_oled,329,neu,0,81379 Obersendling,Nintendo Switch OLED in Weiß wie neu mit Garantie bis 2027
2026-09-02T19:27:15+00:00,3502002503,switch_oled,260,gebraucht,0,99820 Hörselberg-Hainich,Nintendo Switch OLED in Weiß
2026-09-02T19:27:15+00:00,3501998196,switch,100,gebraucht,0,80997 Allach-Untermenzing,Nintendo Switch Konsole mit Joy-Cons
2026-09-02T19:27:15+00:00,3501995313,switch,160,gebraucht,0,33689 Sennestadt,Nintendo Switch
2026-09-02T19:27:15+00:00,3501992622,switch,200,gebraucht,1,26723 Emden,"nintendo switch mit 3 spielen, ring und switch tasche"
2026-09-02T19:27:15+00:00,3501992365,switch,220,gebraucht,0,55129 Mainz,"Nintendo Switch Konsole mit Zubehör, kaum benutzt!"
2026-09-02T19:27:15+00:00,3501991604,switch,100,gebraucht,0,40225 Bilk,Nintendo Switch Konsole mit 128GB SD-Karte & Minecraft Spiel
2026-09-02T19:27:15+00:00,3501991034,switch_lite,125,gebraucht,1,64579 Gernsheim,Nintendo Switch Lite mit Tasche und Hülle + Splatoon 3 Spiel
2026-09-02T19:27:15+00:00,3501045552,switch_oled,290,gebraucht,0,52249 Eschweiler,Nintendo Switch OLED + viel Zubehör
2026-09-02T19:27:15+00:00,3501988642,switch,200,gebraucht,0,88250 Weingarten,Nintendo Switch Konsole mit Dock und Zubehör
2026-09-02T19:27:17+00:00,3502008892,xbox_series_x,660,neu,0,44869 Bochum-Wattenscheid,Xbox Series X 1TB Konsole - Neu & OVP
2026-09-02T19:27:17+00:00,3501995459,xbox_series_s,350,gebraucht,0,27793 Wildeshausen,Xbox Series S Konsole mit Controller und Kabeln
2026-09-02T19:27:17+00:00,3501993397,xbox_series_s,145,neu,0,41542 Dormagen,Xbox One S 1TB in OVP inkl. Xbox Series Controller (neuwertig)
2026-09-02T19:27:17+00:00,3501993192,xbox_series_s,300,gebraucht,0,56575 Weißenthurm,Xbox Series S 1TB Carbon Black
2026-09-02T19:27:17+00:00,3501990176,xbox_series_s,200,neu,0,26919 Brake (Unterweser),"Xbox Series S – Top Zustand inkl. Controller, OVP & allen Kabeln"
2026-09-02T19:27:17+00:00,3501965848,xbox_series_s,259,gebraucht,1,76199 Karlsruhe,Xbox Series S 512 GB inkl. 2 Controllern und Lampe
2026-09-02T19:27:17+00:00,3501786252,xbox_series_s,250,gebraucht,0,61200 Wölfersheim,Xbox Series S Konsole 512 GB SSD
2026-09-02T19:27:17+00:00,3501910387,xbox_series_s,240,gebraucht,1,84347 Pfarrkirchen,Xbox Series S – Konsole + 2 Controller
2026-09-02T19:27:17+00:00,3501907236,xbox_series_s,350,neu,0,13409 Reinickendorf,X Box Series S digital Neu kaum genutzt
2026-09-02T19:27:17+00:00,3501885921,xbox_series_s,260,neu,1,33415 Verl,Xbox Series S mit zwei Controllern und OVP
2026-09-02T19:27:17+00:00,3501876893,xbox_series_x,495,gebraucht,0,80807 Schwabing-Freimann,Xbox Series X  + 2 Monate Game Pass Ultimate
2026-09-02T19:27:17+00:00,3501875113,xbox_series_x,280,gebraucht,0,80638 Nymphenburg,Xbox Series X
2026-09-02T19:27:17+00:00,3501869360,xbox_series_s,180,gebraucht,0,04758 Oschatz,Xbox Series S 500GB mit Standart Controller
2026-09-02T19:27:48+00:00,3502013860,steamdeck_oled,580,gebraucht,0,31608 Marklohe,Steam Deck 512GB OLED
2026-09-02T19:27:48+00:00,3501995034,steamdeck_oled,360,gebraucht,0,73344 Gruibingen,Neuwertig Steam Deck OLED 512GB mit Speicherkarte
2026-09-02T19:27:48+00:00,3501982762,steamdeck_oled,649,gebraucht,0,82269 Geltendorf,Steam Deck Oled aus 02/2026 Top-Zustand!
2026-09-02T19:27:48+00:00,3501938504,steamdeck,450,gebraucht,0,73344 Gruibingen,Valve Steam Deck LCD 512GB mit Zubehör
2026-09-02T19:27:48+00:00,3501889333,steamdeck_oled,595,gebraucht,0,80807 Schwabing-Freimann,Steam Deck OLED 512 GB
2026-09-02T19:27:48+00:00,3501881801,steamdeck_oled,675,gebraucht,0,18507 Grimmen,Steam Deck OLED 1Tb XXL Tastatur + 200Gb Docking Zubehör Tasche
2026-09-02T19:27:48+00:00,3501878364,steamdeck_oled,590,gebraucht,0,26892 Heede(Emsland),VALVE Steam Deck OLED 1TB SSD
2026-09-02T19:27:48+00:00,3501874849,steamdeck,350,gebraucht,0,16727 Oberkrämer,Steam Deck 1TB Handheld Konsole schwarz mit Zubehör
2026-09-02T19:27:48+00:00,3501845466,steamdeck_oled,600,neu,0,36404 Vacha,Steam Deck (OLED) 512Gb
2026-09-02T20:03:24+00:00,3502040826,ps5_digital,310,gebraucht,0,30826 Garbsen,PS5 Digital Edition 825 GB mit Controller
2026-09-02T20:03:24+00:00,3502038782,ps5_disc,350,gebraucht,1,44328 Scharnhorst,"PS5  auch Zubehör: 2 DualSense Controller, Ladestation & Headset"
2026-09-02T20:03:24+00:00,3502038362,ps5_disc,500,gebraucht,1,52428 Jülich,PlayStation 5 Konsole schwarz mit 2 Controllern & Spider-Man 2
2026-09-02T20:03:24+00:00,3502036868,ps5_slim,300,gebraucht,1,66849 Landstuhl,Sony PlayStation 5 (PS 5) Slim with Disc
2026-09-02T20:03:24+00:00,3502036733,ps5_pro,535,neu,0,79618 Rheinfelden (Baden),Sony PlayStation 5 Pro 2 TB Digital Edition (NEU / OVP)
2026-09-02T20:03:24+00:00,3502036719,ps5_disc,520,gebraucht,1,64319 Pfungstadt,PlayStation 5 sehr gute Zustand
2026-09-02T20:03:24+00:00,3502031836,ps4,150,gebraucht,2,89584 Ehingen (Donau),PlayStation 4 Konsole mit 2 Controllern und 5 Spielen
2026-09-02T20:03:24+00:00,3502031227,ps5_digital,399,gebraucht,0,88267 Vogt,PS5 Digital Edition inkl. Controller | sehr gepflegter Zustand
2026-09-02T20:03:24+00:00,3502028793,ps5_disc,490,neu,2,13581 Spandau,"PlayStation 5 mit OVP, 2 Controllern & 3 Spielen"
2026-09-02T20:03:24+00:00,3501845088,ps5_pro,500,gebraucht,0,25992 List auf Sylt,Playstation 5 pro
2026-09-02T20:03:24+00:00,3502023955,ps5_pro,749,neu,0,94107 Untergriesbach,Sony PlayStation 5 Pro 2 TB – neu & originalverpackt
2026-09-02T20:03:28+00:00,3502044232,xbox_series_s,300,neu,0,88178 Heimenkirch,"Xbox Series S 2,5 TB Speicher"
2026-09-02T20:03:28+00:00,3502043608,xbox_series_s,300,gebraucht,0,77855 Achern,Xbox Series S + Speichererweiterung 1Tbit SSD
2026-09-02T20:03:28+00:00,3501858745,xbox_series_x,525,gebraucht,0,63743 Aschaffenburg,XBOX Series X
2026-09-02T20:03:28+00:00,3502037499,xbox_series_x,699,gebraucht,3,04895 Falkenberg/Elster,Xbox Series X 1TB Bundle mit 2 Controllern & 6 Spielen
2026-09-02T20:03:28+00:00,3502035764,xbox_series_s,275,gebraucht,0,26409 Wittmund,Xbox Series S + 1x Elite Controller/ 1x Normaler Controller
2026-09-02T20:03:28+00:00,3502034580,xbox_series_s,300,gebraucht,0,37574 Einbeck,Xbox Series S 512 GB + 1 TB externe Festplatte
2026-09-02T20:03:28+00:00,3502031066,xbox_series_x,650,gebraucht,0,12157 Steglitz,Xbox Series X
2026-09-02T20:03:28+00:00,3501926196,xbox_series_x,549,gebraucht,0,38448 Wolfsburg,Xbox Series X 1TB
2026-09-02T20:03:30+00:00,3502040140,steamdeck,650,gebraucht,0,65795 Hattersheim am Main,Valve Steam Deck 512 GB mit JSAUX Docking Station & Ladekabel
2026-09-02T20:03:30+00:00,3502029294,steamdeck_oled,575,gebraucht,0,35390 Gießen,Steam Deck OLED 512GB Handheld Konsole
2026-09-02T20:05:07+00:00,3502042644,switch_lite,135,gebraucht,1,28357 Lehesterdeich,Nintendo Switch Lite Koralle mit 3 Spielen inkl. Animal Crossing
2026-09-02T20:05:07+00:00,3502042503,switch,300,gebraucht,0,12619 Hellersdorf,Nintendo Switch
2026-09-02T20:05:07+00:00,3502040980,switch,199,gebraucht,0,22143 Hamburg Rahlstedt,Nintendo Switch mit Zubehör & Tasche - Super Zustand
2026-09-02T20:05:07+00:00,3502040905,switch,130,gebraucht,0,53121 Endenich,Nintendo Switch Konsole mit Zubehör & 2 Spielen
2026-09-02T20:05:07+00:00,3502040167,switch,150,gebraucht,0,21629 Neu Wulmstorf,Nintendo Switch
2026-09-02T20:05:07+00:00,3502039326,switch,189,gebraucht,0,51709 Marienheide,Nintendo Switch Konsole mit Zubehör
2026-09-02T20:05:07+00:00,3502039010,switch_lite,160,neu,0,32602 Vlotho,"Nintendo Switch Lite, Version Animal Crossing"
2026-09-02T20:05:07+00:00,3502038331,switch,324,gebraucht,0,15562 Rüdersdorf,Nintendo Switch 1
2026-09-02T20:05:07+00:00,3502037700,switch,149,gebraucht,0,45657 Recklinghausen,Nintendo Switch + Dock + Zubehör + Descenders + Tasche
2026-09-02T20:05:07+00:00,3502036976,switch,240,gebraucht,0,81735 Ramersdorf-Perlach,"Nintendo Switch (V2) – gepflegt, komplett und mit Extras"
2026-09-02T20:05:07+00:00,3502035832,switch,200,gebraucht,1,59929 Brilon,Nintendo Switch Konsole mit Zubehör und Schutzglas
2026-09-02T20:05:07+00:00,3502035606,switch,250,gebraucht,0,52070 Aachen-Mitte,Nintendo Switch Konsole mit 256GB Speicher
2026-09-02T20:05:07+00:00,3502028887,switch,150,gebraucht,0,30851 Langenhagen,Nintendo Switch – Komplettset
2026-09-02T20:05:07+00:00,3502026734,switch_oled,310,gebraucht,0,73728 Esslingen,Nintendo Switch OLED + Originale Nintendo Tragetasche
2026-09-02T20:05:07+00:00,3502025210,switch,120,gebraucht,0,30519 Döhren-Wülfel,Nintendo Switch 128gbDock mit Flügeln & Controller Set
2026-09-02T20:05:07+00:00,3502023198,switch,150,gebraucht,0,13439 Reinickendorf,Nintendo Switch Konsole mit Joy-Cons in sehr gutem Zustand
2026-09-02T20:05:07+00:00,3502009969,switch2,475,gebraucht,0,30853 Langenhagen,Nintendo Switch 2 mit Zubehör und FC26
2026-09-02T20:05:07+00:00,3502022173,switch2,480,gebraucht,1,72458 Albstadt,Nintendo Switch 2 Konsole Set mit Pro Controller & 3 Spielen
2026-09-02T20:05:07+00:00,3502021388,switch,299,gebraucht,1,66119 Alt-Saarbrücken,Nintendo Switch Set inkl. 5 Spiele (u.a. Mario Kart) + Zubehör
2026-09-02T20:06:47+00:00,3502045285,ps5_pro,850,gebraucht,0,69181 Leimen,Sony PlayStation 5 Pro
2026-09-02T20:10:11+00:00,3502048532,ps5_digital,600,neu,0,60313 Innenstadt,PlayStation 5 Slim Digital Edition 825GB
2026-09-02T20:10:11+00:00,3502047944,ps5_pro,999,neu,0,33397 Rietberg,Playstation 5 Pro 2 TB
2026-09-02T20:10:17+00:00,3502047427,xbox_series_x,415,neu,0,01067 Wilsdruffer Vorstadt/Seevorstadt-West,"Microsoft Xbox Series X 1TB, OVP, Neuwertig"
2026-09-02T20:10:17+00:00,3502047004,xbox_series_x,700,gebraucht,0,22111 Hamburg Horn,X box Series X
2026-09-02T20:11:56+00:00,3502048781,switch_lite,399,gebraucht,3,47877 Willich,Nintendo Switch Lite + 12 Spiele + Tasche – Top Zustand
2026-09-02T20:13:33+00:00,3502050522,ps5_pro,800,neu,0,50171 Kerpen,PlayStation 5 Pro 2 TB Speicher Neu & Rechnung Festpreis
2026-09-02T20:13:33+00:00,3502048618,ps4_slim,100,gebraucht,1,38154 Königslutter am Elm,PS4 Slim 1TB + 2 Controller + Spiel
2026-09-02T20:13:41+00:00,3502049070,xbox_series_x,777,gebraucht,1,07749 Jena,"XBox Series X Konsole,  2 Controller,  2 Spiele, Beoplay Portal"
2026-09-02T20:15:22+00:00,3502050338,switch2,445,gebraucht,0,79206 Breisach am Rhein,verkaufe Nintendo Switch 2
2026-09-02T20:17:34+00:00,3502052020,ps5_disc,450,gebraucht,1,53859 Niederkassel,Playstation 5 Disc edition+ 2 Controller
2026-09-02T20:21:05+00:00,3502054221,ps5_slim,580,neu,0,18528 Bergen auf Rügen,"PlayStation 5 PS5 Slim 825GB CFI-2116, OVP. Neueste Modell - TOP!"
2026-09-02T20:21:05+00:00,3502054159,ps5_pro,420,gebraucht,1,94518 Spiegelau,PlayStation 5 Pro 2 TB - selten benutzt + 2 Controller
2026-09-02T20:21:12+00:00,3502051484,switch_oled,250,neu,0,24966 Sörup,Nintendo Switch OLED Wie Neu
2026-09-02T20:21:16+00:00,3502053058,xbox_series_s,535,neu,0,88178 Heimenkirch,XBOX Series S mit SEHR VIEL ZUBEHÖR‼️
2026-09-02T20:21:16+00:00,3502052780,xbox_series_s,220,gebraucht,0,28327 Blockdiek,Xbox Series S 512 GB Konsole mit Controller
2026-09-02T20:24:35+00:00,3502055531,switch,170,gebraucht,0,28357 Borgfeld,Nintendo Switch Komplettset mit Tasche
2026-09-02T20:27:58+00:00,3501882039,xbox_series_s,260,gebraucht,0,85221 Dachau,Xbox Series S Konsolen
2026-09-03T06:39:29+00:00,3502153674,ps5_slim,400,neu,0,12099 Tempelhof,Ps5 Slim mit Laufwerk
2026-09-03T06:39:29+00:00,3502146314,ps5_disc,560,gebraucht,1,48231 Warendorf,PlayStation 5 Disc Edition mit 2 Controller
2026-09-03T06:39:29+00:00,3502143980,ps5_pro,410,gebraucht,0,50354 Hürth,Sony PlayStation 5 Pro 2TB +
2026-09-03T06:39:29+00:00,3502141864,ps5_digital,300,gebraucht,0,16792 Zehdenick,Ps5 digital Edition
2026-09-03T06:39:29+00:00,3502138436,ps5_disc,599,gebraucht,1,22547 Hamburg Lurup,PlayStation 5 mit 2 Controllern & 1TB Samsung 980 Pro SSD
2026-09-03T06:39:29+00:00,3502137344,ps5_digital,450,gebraucht,0,73525 Schwäbisch Gmünd,PS5 Digital Edition mit Controller & Ladestation
2026-09-03T06:39:29+00:00,3501983430,ps5_digital,390,gebraucht,0,50667 Köln Altstadt,Ps5 - digital 1 Tb slim 1 Controller
2026-09-03T06:39:29+00:00,3502133049,ps5_slim,390,gebraucht,0,49757 Werlte,"PS5 Slim – 4,5 Monate alt – Top Zustand – mittelmäßig oft benutzt"
2026-09-03T06:39:29+00:00,3502129542,ps5_pro,999,neu,0,07616 Bürgel,Ps5 Pro Neu & Ungeöffnet
2026-09-03T06:39:29+00:00,3502126310,ps5_slim,550,gebraucht,0,23795 Bad Segeberg,PlayStation 5 Slim Disk Edition 1 TB Konsole
2026-09-03T06:39:29+00:00,3502124321,ps5_disc,400,gebraucht,0,35216 Biedenkopf,Sony PlayStation 5 Konsole
2026-09-03T06:39:29+00:00,3502121976,ps5_slim,880,gebraucht,0,88214 Ravensburg,PlayStation 5 Slim Ghost of Yōtei Gold Limited Edition Bundle
2026-09-03T06:39:29+00:00,3501938068,ps5_disc,400,neu,0,17192 Waren (Müritz),Verkaufe Ps5
2026-09-03T06:39:29+00:00,3502100227,ps5_disc,499,gebraucht,0,52070 Aachen-Mitte,"Playstation 5 Disc Version - Exzellenter, Zustand + Zubehör"
2026-09-03T06:39:29+00:00,3502119785,ps5_disc,350,gebraucht,0,22846 Norderstedt,PlayStation 5 ohne Laufwerk
2026-09-03T06:39:29+00:00,3502118928,ps5_disc,700,gebraucht,0,46282 Dorsten,PS5 Ghost of Yotei Limited Edition 1TB Konsole
2026-09-03T06:39:29+00:00,3502116897,ps5_disc,400,gebraucht,0,13409 Reinickendorf,PS5 DISC VERSION IN  CAMOUFLAGE
2026-09-03T06:39:39+00:00,3502150302,switch_oled,350,neu,3,59229 Ahlen,Nintendo Switch Oled in OVP mit 9 Games
2026-09-03T06:39:39+00:00,3502149487,switch2,385,neu,0,81735 Ramersdorf,Nintendo Switch 2 Konsole HK Version
2026-09-03T06:39:39+00:00,3502148302,switch_oled,249,neu,1,26389 Wilhelmshaven,nintendo switch Oled mit  OVP
2026-09-03T06:39:39+00:00,3502145029,switch2,355,neu,0,39128 Magdeburg,"Nintendo Switch 2 , Ovp neu"
2026-09-03T06:39:39+00:00,3502144765,switch2,535,gebraucht,0,38226 Salzgitter,Nintendo Switch 2 Neuwertig + Zubehör
2026-09-03T06:39:39+00:00,3502143897,switch,200,gebraucht,0,29525 Uelzen,Nintendo Switch 1. Generation
2026-09-03T06:39:39+00:00,3502143157,switch,250,gebraucht,1,51371 Leverkusen,Nintendo Switch Konsole mit Zubehör und 3 Spielen
2026-09-03T06:39:39+00:00,3502140715,switch,420,gebraucht,0,46149 Oberhausen,Nintendo switch mit zubehör
2026-09-03T06:39:39+00:00,3502136993,switch_oled,300,neu,0,15370 Fredersdorf-Vogelsdorf,Nintendo Switch Oled + 2 Mario Spiele
2026-09-03T06:39:39+00:00,3502135763,switch,115,neu,0,09116 Chemnitz,Nintendo Switch
2026-09-03T06:39:39+00:00,3502132682,switch_oled,180,neu,0,67122 Altrip,Nintendo Switch Oled mit OVP und Zubehör
2026-09-03T06:39:39+00:00,3502132601,switch,195,gebraucht,0,47608 Geldern,Nintendo Switch V2 Grau + Dock + 2 Spiele + Zubehör & Tasche
2026-09-03T06:39:39+00:00,3502132135,switch_oled,185,gebraucht,0,76470 Ötigheim,Nintendo Switch OLED Weiß inkl. Little Nightmares 2
2026-09-03T06:39:39+00:00,3502130152,switch_lite,150,gebraucht,0,50968 Bayenthal,Nintendo Switch lite
2026-09-03T06:39:39+00:00,3502129685,switch,319,gebraucht,0,13086 Weissensee,Nintendo Switch V2 Grau + Pro Controller + diverse Spiele
2026-09-03T06:39:39+00:00,3502129255,switch,115,gebraucht,0,67806 Rockenhausen,Nintendo Switch
2026-09-03T06:39:39+00:00,3502125931,switch_oled,230,gebraucht,0,41372 Niederkrüchten,Nintendo Switch OLED + Mario Kart 8 und 12 Monate Mitgliedschaft
2026-09-03T06:39:39+00:00,3502125804,switch2,449,gebraucht,0,44577 Castrop-Rauxel,Nintendo Switch 2 – sehr guter Zustand – wenig gebraucht
2026-09-03T06:39:39+00:00,3502125301,switch,155,gebraucht,0,67754 Eßweiler,Nintendo Switch Konsole Im April gekauft ! Kaum benutzt
2026-09-03T06:39:39+00:00,3502123421,switch,180,gebraucht,0,22145 Hamburg-Nord,Nintendo Switch V2 32GB + 4 Joy-Con + Mario Party + Switch Sports
2026-09-03T06:39:39+00:00,3502120617,switch,190,gebraucht,0,44579 Castrop-Rauxel,Nintendo Switch 1 mit Spiel und extra Controler
2026-09-03T06:39:39+00:00,3502120517,switch2,250,gebraucht,0,34127 Kassel,Nintendo Switch 2
2026-09-03T06:39:49+00:00,3502137463,xbox_series_x,485,neu,0,16515 Zühlsdorf,Microsoft Xbox Series X wie Neu nie benutzt
2026-09-03T06:39:49+00:00,3502146030,xbox_series_s,190,gebraucht,0,26135 Oldenburg,Xbox Series S Konsole weiß
2026-09-03T06:39:49+00:00,3502000275,xbox_series_x,419,gebraucht,0,21614 Buxtehude,Xbox Series X Konsole mit Controller / Nur Versand
2026-09-03T06:39:49+00:00,3502135510,xbox_series_s,250,neu,0,04129 Eutritzsch,Xbox Series S 512GB mit Controller und OVP
2026-09-03T06:39:49+00:00,3502102087,xbox_series_s,319,gebraucht,0,30179 Nord,Xbox series s 512 GB
2026-09-03T06:39:49+00:00,3502101696,xbox_series_s,290,neu,0,18147 Toitenwinkel,Xbox Series S 512GB mit Controller und OVP
2026-09-03T06:39:49+00:00,3502095565,xbox_series_s,300,neu,0,78224 Singen,Xbox Series S Konsole mit Controller (wie neu)
2026-09-03T06:39:49+00:00,3502088745,xbox_series_x,300,gebraucht,0,69126 Heidelberg,xbox series x
2026-09-03T06:39:49+00:00,3502083013,xbox_series_x,549,gebraucht,0,52070 Aachen-Mitte,Xbox Series X
2026-09-03T06:39:49+00:00,3502077980,xbox_series_s,290,gebraucht,1,06132 Halle,Xbox Series S Konsole mit zwei Controllern
2026-09-03T06:39:49+00:00,3502070025,xbox_series_s,335,gebraucht,0,67105 Schifferstadt,Xbox Series S
2026-09-03T06:39:49+00:00,3502063923,xbox_series_s,280,gebraucht,0,39218 Schönebeck (Elbe),Xbox Series S zu verkaufen
2026-09-03T06:39:52+00:00,3502122191,steamdeck_oled,360,gebraucht,0,45711 Datteln,Neuwertig Steam Deck OLED 512GB mit Speicherkarte
2026-09-03T06:39:52+00:00,3502131531,steamdeck_oled,350,neu,0,32049 Herford,Valve Steam Deck OLED 512GB Spielkonsole
2026-09-03T06:39:52+00:00,3502131240,steamdeck,295,gebraucht,0,28816 Stuhr,Steam Deck 64 + 512 GB super Zustand
2026-09-03T06:39:52+00:00,3502079367,steamdeck,400,gebraucht,0,67067 Ludwigshafen,Steam Deck 1 TB + 500 GB SD-Karte + Dock + Zubehör
2026-09-03T10:15:03+00:00,3502333531,ps5_digital,500,gebraucht,1,64295 Darmstadt,Ps5 Digital Edition
2026-09-03T10:15:03+00:00,3502333528,ps5_pro,850,neu,0,99734 Nordhausen,PlayStation 5 Pro
2026-09-03T10:15:03+00:00,3502333000,ps5_pro,1050,neu,2,47226 Rheinhausen,Playstation 5 Pro mit Rechnung zu verkaufen
2026-09-03T10:15:03+00:00,3502329333,ps5_disc,450,gebraucht,3,12157 Steglitz,Ps5 mit 14 spielen
2026-09-03T10:15:03+00:00,3502326572,ps5_disc,600,gebraucht,0,50169 Kerpen,PlayStation 5 Disc mit Spielen
2026-09-03T10:15:03+00:00,3502320348,ps5_pro,1000,neu,0,86633 Neuburg a.d. Donau,PlayStation 5 Pro *Neu* *OVP*
2026-09-03T10:15:03+00:00,3502308955,ps5_disc,500,neu,0,45886 Gelsenkirchen,PlayStation 5 Ghost of yotei
2026-09-03T10:15:03+00:00,3502307344,ps5_digital,430,gebraucht,0,06749 Bitterfeld,Playstation 5 slim Digital Edition 1 TB
2026-09-03T10:15:03+00:00,3502279502,ps5_digital,450,gebraucht,0,19288 Ludwigslust,Ps5 digital
2026-09-03T10:15:03+00:00,3502305190,ps5_pro,800,neu,0,65719 Hofheim am Taunus,PS5 Pro|NEU & OVP|CFI-7121| Playstation 5 Pro Lieferung✅
2026-09-03T10:15:03+00:00,3502303128,ps5_slim,620,gebraucht,0,22143 Hamburg Rahlstedt,"PlayStation 5 Slim 1TB, PlayStation Remote und Sony Puls 3D"
2026-09-03T10:15:03+00:00,3502300252,ps5_slim,550,gebraucht,0,47574 Goch,playstation 5 slim mit laufwerk
2026-09-03T10:15:03+00:00,3502298572,ps5_disc,450,neu,0,13407 Reinickendorf,PS5 Disc Edition
2026-09-03T10:15:03+00:00,3502296513,ps5_slim_digital,475,neu,0,76448 Durmersheim,PS5 Slim Digital 825 Gb
2026-09-03T10:15:03+00:00,3502285941,ps5_disc,470,neu,0,72661 Grafenberg,PlayStation 5 Disc Version mit einem Controller | OVP
2026-09-03T10:15:03+00:00,3502282915,ps5_disc,650,gebraucht,0,26683 Saterland,"PlayStation 5 Konsole mit ASUS Monitor, Controller und Headset"
2026-09-03T10:15:03+00:00,3502259058,ps5_disc,250,gebraucht,0,38116 Braunschweig,PlayStation 5
2026-09-03T10:15:11+00:00,3502333120,switch,150,gebraucht,0,41466 Neuss,Nintendo Switch
2026-09-03T10:15:11+00:00,3502330237,switch,300,neu,0,32052 Herford,Nintendo Switch (1) Konsole rot-blau + Splatoon 2 & Zubehör & OVP
2026-09-03T10:15:11+00:00,3502329412,switch_oled,205,gebraucht,0,65343 Eltville,Nintendo Switch Oled
2026-09-03T10:15:11+00:00,3499742610,switch,270,gebraucht,0,25920 Risum-Lindholm,Nintendo switch ole mit Zubehör
2026-09-03T10:15:11+00:00,3502324079,switch,90,gebraucht,0,23562 Lübeck,Nintendo Switch 1. Generation + JoyCons + Docking Station
2026-09-03T10:15:11+00:00,3502322818,switch2,400,gebraucht,0,12249 Steglitz,Nintendo Switch 2 *SNES Edition*
2026-09-03T10:15:11+00:00,3502322614,switch,134,gebraucht,0,63853 Mömlingen,"Nintendo Switch – voll funktionsfähig, sehr guter Zustand"
2026-09-03T10:15:11+00:00,3502321411,switch,200,gebraucht,0,87544 Blaichach,Nintendo Switch
2026-09-03T10:15:11+00:00,3502318862,switch_oled,200,neu,2,88471 Laupheim,Nintendo Switch OLED Mario Edition 64GB+3 Controller+Tasche+OVP
2026-09-03T10:15:11+00:00,3502318208,switch,150,gebraucht,0,04910 Elsterwerda,sehr selten genutzte nirgendwo Switch
2026-09-03T10:15:11+00:00,3502317304,switch,170,gebraucht,0,08062 Zwickau,Nintendo switch 1 sucht ein liebevolles neues Zuhause :)
2026-09-03T10:15:11+00:00,3502316245,switch2,369,neu,0,04552 Borna,Nintendo Switch 2 inkl. OVP & Rechnung
2026-09-03T10:15:11+00:00,3502313769,switch,250,neu,0,46240 Bottrop,Nintendo Switch Set
2026-09-03T10:15:11+00:00,3502313415,switch_oled,250,gebraucht,1,26532 Großheide,Nintendo Switch OLED
2026-09-03T10:15:11+00:00,3502312712,switch,200,gebraucht,0,29553 Bienenbüttel,Nintendo switch
2026-09-03T10:15:11+00:00,3502311397,switch,200,gebraucht,0,57223 Kreuztal,Nintendo Switch Zelda Fanpaket
2026-09-03T10:15:11+00:00,3502306236,switch_oled,339,gebraucht,0,24159 Holtenau,Nintendo Switch OLED Zelda Edition
2026-09-03T10:15:11+00:00,3502293226,switch2,300,gebraucht,0,33758 Schloß Holte-Stukenbrock,Nintendo Switch 2
2026-09-03T10:15:11+00:00,3502303528,switch,150,gebraucht,0,28327 Blockdiek,Nintendo Switch
2026-09-03T10:15:11+00:00,3502302268,switch_oled,210,neu,0,45276 Steele,Nintendo Switch OLED Modell weiß wie neu mit OVP
2026-09-03T10:15:11+00:00,3500590342,switch2,400,gebraucht,0,34613 Schwalmstadt,Nintendo Switch 2 + Mario Kart World
2026-09-03T10:15:11+00:00,3502298846,switch,219,gebraucht,0,22848 Norderstedt,Nintendo Switch kaum gespielt + Controller sehr gut erhalten
2026-09-03T10:15:11+00:00,3502297803,switch_oled,250,neu,0,13627 Charlottenburg,Nintendo Switch Oled inkl. OVP
2026-09-03T10:15:14+00:00,3502325530,xbox_series_s,250,gebraucht,0,85221 Dachau,Xbox Series S konsolen
2026-09-03T10:15:14+00:00,3502327294,xbox_series_x,850,gebraucht,2,38319 Remlingen,Xbox Series X in der Halo Edition
2026-09-03T10:15:14+00:00,3502300117,xbox_series_s,250,gebraucht,0,04600 Altenburg,Xbox Series S
2026-09-03T10:15:14+00:00,3502298837,xbox_series_x,270,gebraucht,0,18225 Kühlungsborn,Xbox Series X 1TB Bundle
2026-09-03T10:15:14+00:00,3502263805,xbox_series_x,500,gebraucht,0,21339 Lüneburg,Xbox Series X 1TB + Controller + Originalverpackung + Garantie
2026-09-03T10:15:14+00:00,3501998972,xbox_series_x,499,gebraucht,0,41749 Viersen,XBOX Series X Top Zustand (Max. 10 mal genutzt)
2026-09-03T10:15:14+00:00,3502288226,xbox_series_s,220,gebraucht,0,12439 Treptow,Verkaufe meine Xbox one Series S !
2026-09-03T10:15:14+00:00,3502281648,xbox_series_s,380,gebraucht,0,84061 Ergoldsbach,Xbox Series S + Controller 512GB
2026-09-03T10:15:14+00:00,3502224878,xbox_series_s,250,neu,1,22085 Hamburg Uhlenhorst,Xbox Series S | 2 Controller *mit OVP*
2026-09-03T10:15:14+00:00,3502213713,xbox_series_x,599,neu,0,52076 Aachen-Brand,Xbox Series X – mit Controller OVP | Makelloser Zustand
2026-09-03T10:15:14+00:00,3502163073,xbox_series_s,195,gebraucht,0,47445 Moers,Xbox Series S
2026-09-03T10:15:22+00:00,3502262361,steamdeck_oled,620,gebraucht,0,39124 Magdeburg,Steam Deck OLED 512 GB
2026-09-03T10:15:22+00:00,3502253370,steamdeck_oled,620,gebraucht,0,38274 Elbe,Steam Deck OLED 512 GB - Neuwertig - 100% Akku
2026-09-03T10:15:22+00:00,3502239467,steamdeck,680,gebraucht,0,54516 Wittlich,"Steam Deck Konsole mit 1TB, kaum genutzt"
2026-09-03T10:15:22+00:00,3502203245,steamdeck_oled,599,gebraucht,0,53909 Zülpich,TOP Angebot! Valve Steam Deck OLED 512 GB - Top Zustand
2026-09-03T10:15:22+00:00,3502200601,steamdeck_oled,549,gebraucht,0,63512 Hainburg,Valve Steam Deck OLED 512GB
2026-09-03T10:18:36+00:00,3502337859,ps5_digital,570,gebraucht,0,48683 Ahaus,PlayStation 5 Slim Digital Edition
2026-09-03T10:18:36+00:00,3502337463,ps5_slim_digital,320,neu,0,42489 Wülfrath,PS5 Slim Digital Edition Schwarz + Controller + OVP
2026-09-03T10:18:36+00:00,3502335988,ps5_disc,480,gebraucht,0,27729 Hambergen,Ps5. Ps4 zu verkaufen
2026-09-03T10:23:34+00:00,3502339967,ps5_slim,12345,gebraucht,0,91275 Auerbach in der Oberpfalz,ps5 slim verkauf oder tauschen
2026-09-03T10:23:34+00:00,3502339029,ps5_digital,320,gebraucht,0,01307 Johannstadt,PlayStation 5 digital
2026-09-03T10:25:17+00:00,3502343765,switch,150,gebraucht,0,41352 Korschenbroich,"Nintendo Switch von 2019 , 32GB Speicher"
2026-09-03T10:25:17+00:00,3502343503,switch_oled,300,neu,0,32052 Herford,Nintendo Switch (1) OLED (HK-Version) weiß-schwarz NEU & OVP TOP
2026-09-03T10:25:17+00:00,3502341311,switch,150,gebraucht,0,33729 Milse,Nintendo Switch
2026-09-03T10:26:57+00:00,3502344164,ps5_disc,420,gebraucht,1,47551 Bedburg-Hau,PlayStation 5  Disc mit Standfuß mit 2 Controller!
2026-09-03T10:26:57+00:00,3502342607,ps5_pro,700,gebraucht,0,32545 Bad Oeynhausen,Ps5 pro Playstation 5
2026-09-03T10:58:35+00:00,3502373990,ps5_pro,850,neu,0,99734 Nordhausen,Ps5 pro im neuwertigen Zustand
2026-09-03T10:58:35+00:00,3502373388,ps5_slim,250,gebraucht,0,22941 Bargteheide,Sony PlayStation 5 Slim Konsole mit Controller und Kabeln
2026-09-03T10:58:35+00:00,3502372880,ps5_disc,650,gebraucht,1,21509 Glinde,Sony PlayStation 5 Konsole mit 2 Controllern & dbrand Skin
2026-09-03T10:58:35+00:00,3502366887,ps5_disc,470,gebraucht,0,85053 Ingolstadt,Ps5 + Monitor +  Lüfter
2026-09-03T10:58:35+00:00,3502366760,ps5_disc,525,neu,0,10115 Mitte,PlayStation 5 1TB
2026-09-03T10:58:35+00:00,3502365288,ps5_slim,490,gebraucht,0,79183 Waldkirch,PlayStation 5 Slim Konsole - ca. 1 Jahr alt
2026-09-03T10:58:35+00:00,3502359029,ps5_slim_digital,380,neu,0,42489 Wülfrath,PS5 Slim Digital Edition Schwarz + Controller + OVP
2026-09-03T10:58:35+00:00,3502354506,ps5_disc,389,gebraucht,0,94315 Straubing,Sony PlayStation 5 Konsole mit Controller und Gran Turismo 7
2026-09-03T10:58:35+00:00,3502352827,ps5_disc,150,gebraucht,0,41189 Mönchengladbach,PS5 AimController - Joker Design
2026-09-03T10:58:35+00:00,3502350718,ps5_disc,350,gebraucht,0,48565 Steinfurt,Sony Ps5 Schwarz
2026-09-03T10:58:35+00:00,3502348156,ps5_slim,449,gebraucht,0,67227 Frankenthal (Pfalz),Ps5 Slim mit Garantie
2026-09-03T10:58:43+00:00,3502373822,switch_oled,200,neu,0,82024 Taufkirchen,Nintendo Switch OLED 64GB weiß Wie neu
2026-09-03T10:58:43+00:00,3502372941,switch,150,gebraucht,0,33189 Schlangen,Nintendo Switch Konsole mit Joy-Cons und Kabeln
2026-09-03T10:58:43+00:00,3502372069,switch2,399,neu,0,59590 Geseke,"Nintendo Switch 2 mit OVP, Garantie & Quittung"
2026-09-03T10:58:43+00:00,3502370834,switch2,449,gebraucht,1,85664 Hohenlinden,Nintendo Switch 2 neuwertig + 3 Spiele + Tasche + Rechnung
2026-09-03T10:58:43+00:00,3502368745,switch_oled,289,gebraucht,0,96215 Lichtenfels,Nintendo Switch OLED + 2 Spiele – Mario Kart 8 Deluxe & Pokémon L
2026-09-03T10:58:43+00:00,3502365997,switch,129,gebraucht,0,97906 Faulbach,Nintendo Switch mit viel Zubehör guter Zustand
2026-09-03T10:58:43+00:00,3502365842,switch_lite,70,gebraucht,0,29223 Celle,Nintendo Switch Lite blau
2026-09-03T10:58:43+00:00,3502364857,switch,199,gebraucht,0,50737 Longerich,Nintendo Switch 1 (Modell 1 Version 1)
2026-09-03T10:58:43+00:00,3502363634,switch_lite,130,gebraucht,0,94513 Schönberg,Nintendo Switch Lite Türkis.... plus Zubehör
2026-09-03T10:58:43+00:00,3502362635,switch,169,gebraucht,0,10315 Lichtenberg,Nintendo Switch V2 + Zubehör – Komplettset
2026-09-03T10:58:43+00:00,3502361054,switch,269,gebraucht,0,86529 Schrobenhausen,Nintendo Switch
2026-09-03T10:58:43+00:00,3502360282,switch,100,gebraucht,0,22147 Hamburg Rahlstedt,Nintendo Switch V2 Neon-Rot/Neon-Blau + Hülle + Spielkarte
2026-09-03T10:58:43+00:00,3502349902,switch,249,gebraucht,0,97215 Simmershofen,Nintendo Switch mit 2 Spielen
2026-09-03T10:58:43+00:00,3502347354,switch,350,neu,0,60599 Nordend,Nintendo Switch Pokémon Pikachu & Eevee Edition OVP
2026-09-03T10:58:43+00:00,3502347189,switch,150,gebraucht,0,56338 Braubach,Nintendo Switch 32 GB zu verkaufen!
2026-09-03T10:58:43+00:00,3502347097,switch,180,gebraucht,0,58089 Hagen,Nintendo Switch+Hogwarts Legacy+lila Controller+Zubehör
2026-09-03T10:58:46+00:00,3502373426,steamdeck_oled,649,gebraucht,0,80804 Schwabing-Freimann,SteamDeck OLED 1TB + Case + Ladekabel
2026-09-03T10:58:46+00:00,3502369885,steamdeck,430,gebraucht,0,66111 St Johann,Steam Deck LCD 256 GB Valve Dockingstation + 8BitDo Ultimate 2C
2026-09-03T10:58:46+00:00,3502347746,steamdeck_oled,450,gebraucht,0,99086 Erfurt,Steam Deck OLED 512gb
2026-09-03T10:58:46+00:00,3502190603,steamdeck_oled,550,neu,0,91126 Schwabach,Steam Deck OLED 1TB - wie neu - Topzustand - incl. OVP
2026-09-03T09:19:55+00:00,3502276157,ps5_disc,450,gebraucht,0,42551 Velbert,Sony PlayStation 5 mit original Verpackung
2026-09-03T09:19:55+00:00,3502274538,ps5_digital,450,gebraucht,0,66117 Alt-Saarbrücken,Ps5 digital edition
2026-09-03T09:19:55+00:00,3502273388,ps5_pro,1099,neu,0,60314 Ostend,PlayStation 5 Pro PS5 NEU OVP
2026-09-03T09:19:55+00:00,3502270158,ps5_pro,850,neu,0,65606 Villmar,"PS5 Pro 3Monate Alt, OVP&Rechnung"
2026-09-03T09:19:55+00:00,3502269566,ps5_digital,300,gebraucht,0,29614 Soltau,PlayStation 5 digital
2026-09-03T09:19:55+00:00,3502266691,ps5_disc,150,gebraucht,0,48143 Centrum,PS5 1TB mit defektem Laufwerk
2026-09-03T09:19:55+00:00,3502262046,ps5_disc,650,gebraucht,0,40627 Vennhausen,PlayStation 5 Disc Edition mit Pulse 3D Headset & DualSense Edge
2026-09-03T09:19:55+00:00,3502249282,ps5_disc,430,neu,0,88400 Biberach an der Riß,PlayStation 5 Konsole mit blauem Controller & OVP
2026-09-03T09:19:55+00:00,3502248398,ps5_pro,499,gebraucht,1,02625 Bautzen,Sony PlayStation 5 Pro 2TB mit Laufwerk und 2 Controller
2026-09-03T09:19:55+00:00,3502248244,ps5_disc,400,gebraucht,0,37308 Heilbad Heiligenstadt,PlayStation 5
2026-09-03T09:19:55+00:00,3502247424,ps4_slim,50,gebraucht,0,86356 Neusäß,"PS4 PlayStation 4 slim 500gb inkl. Controller, Zubehör Kabel HDMi"
2026-09-03T09:19:55+00:00,3502247278,ps5_slim_digital,500,gebraucht,0,39108 Magdeburg,Sony PlayStation 5 Ps5 Slim Konsole 1TB Digital Edition
2026-09-03T09:19:55+00:00,3502081319,ps5_disc,690,gebraucht,0,22607 Hamburg Groß Flottbek,Sony PlayStation 5 Konsole mit Controller
2026-09-03T09:19:55+00:00,3502232414,ps5_disc,400,gebraucht,0,56412 Ruppach-Goldhausen,Sony PlayStation 5 Disk Edition mit einem Controller
2026-09-03T09:19:55+00:00,3502225627,ps5_disc,450,neu,0,10967 Kreuzberg,Sony PlayStation 5 Disc Edition Schwarz PS5
2026-09-03T09:19:55+00:00,3502223109,ps5_digital,400,gebraucht,0,51061 Köln Flittard,Playstation 5 - Digital Edition
2026-09-03T09:20:09+00:00,3502282628,switch_lite,170,neu,0,65329 Hohenstein,Nintendo Switch Lite – Grau – OVP & Ladegerät
2026-09-03T09:20:09+00:00,3502275633,switch,220,gebraucht,1,72631 Aichtal,"Nintendo Switch Konsole neon-rot, neon-blau"
2026-09-03T09:20:09+00:00,3502274891,switch,220,gebraucht,1,44267 Benninghofen-Loh,Nintendo Switch Komplettset mit 4 Spielen und Zubehör
2026-09-03T09:20:09+00:00,3502271818,switch,149,neu,0,38226 Salzgitter,Nintendo Switch V1 (Top Zustand) Komplettset in OVP | CFW Fähig
2026-09-03T09:20:09+00:00,3502270966,switch_oled,220,gebraucht,0,38667 Bad Harzburg,Nintendo Switch OLED Modell mit viel Zubehör & JC200 Gamepad
2026-09-03T09:20:09+00:00,3502268675,switch,130,gebraucht,0,89335 Ichenhausen,Nintendo Switch
2026-09-03T09:20:09+00:00,3502267354,switch,230,gebraucht,0,06295 Eisleben,Nintendo Switch inkl. Zubehör
2026-09-03T09:20:09+00:00,3502266416,switch,180,gebraucht,0,06124 Halle,Nintendo Switch + Dock| Netzteil & HDMI | TOP ZUSTAND
2026-09-03T09:20:09+00:00,3502265801,switch2,445,gebraucht,0,59514 Welver,"Nintendo switch 2, neuwertig, mit Kirby-Controller"
2026-09-03T09:20:09+00:00,3502261402,switch_lite,130,gebraucht,2,53757 Sankt Augustin,Nintendo Switch lite
2026-09-03T09:20:09+00:00,3502250578,switch,150,gebraucht,0,78120 Furtwangen,Nintendo Switch Konsole mit Zubehör
2026-09-03T09:20:09+00:00,3502248556,switch,160,gebraucht,0,23769 Fehmarn,Nintendo Switch Konsole mit Joy-Cons und Dockingstation
2026-09-03T09:20:09+00:00,3502245130,switch2,270,gebraucht,0,23769 Westfehmarn,Nintendo Switch 2
2026-09-03T09:20:09+00:00,3502242549,switch,200,neu,0,67663 Kaiserslautern,Nintendo Switch Konsole in OVP
2026-09-03T09:20:09+00:00,3502242115,switch,180,gebraucht,0,26759 Hinte,Nintendo Switch Konsole - Pikachu & Eevee Edition
2026-09-03T09:20:09+00:00,3502241541,switch,250,gebraucht,0,92245 Kümmersbruck,Nintendo Switch 1 Konsole mit Ring-Con und Zubehör
2026-09-03T09:20:09+00:00,3502241460,switch,200,gebraucht,0,45279 Steele,Nintendo Switch Monster Hunter Rise Edition inkl. Pro Controller
2026-09-03T09:20:09+00:00,3502238172,switch,200,gebraucht,0,13053 Hohenschönhausen,Nintendo Switch Mario Red Edition Konsole mit Zubehör
2026-09-03T09:20:09+00:00,3502238066,switch_oled,400,gebraucht,0,57539 Oettershagen,"Nintendo Switch Oled Splatoon Edition mit viel Zubehör,neuwertig"
2026-09-03T09:20:09+00:00,3502237807,switch,175,gebraucht,0,47589 Uedem,Nintendo Switch Nintendo Switch Konsole inkl. Super Mario Maker 2
2026-09-03T09:20:09+00:00,3502083212,switch_oled,200,neu,0,08340 Schwarzenberg (Erzgebirge),Nintendo Switch OLED Modell - Weiß - Ohne Gebrauchsspuren
2026-09-03T09:20:09+00:00,3502222355,switch_oled,250,neu,0,13125 Karow,Nintendo switch oled Neu  Rechnung vorhanden
2026-09-03T11:02:56+00:00,3502377678,ps4_slim,120,gebraucht,1,93128 Regenstauf,Konsole PS4 Slim 500 GB
2026-09-03T11:03:00+00:00,3502375513,switch_oled,199,gebraucht,0,61381 Friedrichsdorf,Nintendo Switch Oled
2026-09-03T11:03:00+00:00,3502374730,switch_lite,149,gebraucht,0,09224 Mittelbach,Nintendo Switch Lite Türkis Spielekonsole mit Pokemon Karmesin
2026-09-03T11:03:03+00:00,3502372416,xbox_series_s,210,neu,0,99734 Nordhausen,Xbox Series S 512 GB – neuwertig – OVP & Zubehör
2026-09-03T11:03:03+00:00,3502365286,xbox_series_s,170,gebraucht,0,29439 Lüchow,"Xbox Series S, 512 GB"
2026-09-03T11:03:06+00:00,3502375721,steamdeck_oled,300,gebraucht,0,33100 Paderborn,"Steam Deck OLED 1,5 TB + TV-Set: Dockingstation + Gamepad"
2026-09-03T11:08:12+00:00,3502380854,ps5_disc,200,gebraucht,0,46286 Dorsten,Sony PlayStation 5 Konsole
2026-09-03T11:08:12+00:00,3502380718,ps5_digital,350,gebraucht,0,98529 Suhl,Ps5 Digital Edition
2026-09-03T11:08:20+00:00,3502381374,switch_oled,279,gebraucht,0,"04103 Leipzig, Zentrum",Nintendo Switch OLED – sehr guter Zustand + 2 Spiele + Zubehör
2026-09-03T11:08:20+00:00,3502379881,switch_oled,250,gebraucht,0,99610 Sömmerda,Nintendo Switch OLED Weiß + Animal Crossing New Horizons
2026-09-03T11:08:20+00:00,3502379485,switch2,400,gebraucht,0,01139 Pieschen,Nintendo Switch 2 Neuwertig
2026-09-03T11:08:23+00:00,3502380950,xbox_series_x,500,neu,0,39114 Magdeburg,Xbox Series X 1TB Konsole mit Controller und OVP
2026-09-03T11:08:26+00:00,3502382357,steamdeck_oled,649,neu,0,13509 Reinickendorf,Steam Deck OLED 512 GB – NEU & OVP – ungeöffnet – Rechnung
2026-09-03T11:13:23+00:00,3502376333,ps5_disc,500,neu,0,39114 Magdeburg,PlayStation 5 Disk Edition 825GB mit Custom Controller & OVP
2026-09-03T11:13:26+00:00,3502386418,switch_lite,120,gebraucht,0,45357 Essen-Borbeck,Nintendo Switch Lite Koralle inkl. Ladegerät
2026-09-03T11:13:26+00:00,3502385188,switch_lite,100,gebraucht,0,26441 Jever,Nintendo Switch Lite
2026-09-03T11:13:26+00:00,3502384160,switch_lite,85,gebraucht,0,18246 Bützow,Nintendo Switch Lite
2026-09-03T11:13:26+00:00,3476258814,switch,186,gebraucht,0,38448 Wolfsburg,Nintendo Switch V2 (besserer Akku) mit Original-Karton & Zubehör
2026-09-03T11:13:26+00:00,3502383670,switch,250,gebraucht,0,91074 Herzogenaurach,Nintendo Switch
2026-09-03T11:13:26+00:00,3502383180,switch,260,gebraucht,2,63741 Aschaffenburg,"Nintendo Switch mit 6 Spielen, Zelda,Mario odyssey, Pokemon etc"
2026-09-03T11:18:00+00:00,3502389597,ps5_disc,400,neu,0,24768 Rendsburg,PlayStation 5 Neu Zustand
2026-09-03T11:18:00+00:00,3502388995,ps5_disc,380,gebraucht,0,88416 Ochsenhausen,PlayStation 5 mit CD Laufwerk 1TB
2026-09-03T11:22:38+00:00,3502153848,ps5_slim,400,gebraucht,0,01705 Freital,PlayStation 5 Slim Konsole mit DualSense Controller
2026-09-03T11:22:38+00:00,3502395454,ps5_disc,470,gebraucht,1,09599 Freiberg,PlayStation 5 Disc Edition 825GB mit Zubehör & 4TB Festplatte
2026-09-03T11:22:41+00:00,3502396468,switch_oled,180,gebraucht,0,12055 Neukölln,Nintendo Switch Oled
2026-09-03T11:22:41+00:00,3502395961,switch2,380,gebraucht,0,12055 Neukölln,Nintendo Switch 2
2026-09-03T11:22:43+00:00,3502314593,xbox_series_s,220,gebraucht,1,65582 Diez,Xbox One S Elite Series 2 Controller Tastatur & Maus
2026-09-03T11:44:34+00:00,3502415605,ps5_digital,450,neu,0,56564 Neuwied,PS5 Digital Edition Original/Fat 825GB + DualSense + OVP
2026-09-03T11:44:34+00:00,3502413890,ps5_slim,500,gebraucht,0,36304 Alsfeld,PlayStation 5 PS5 Slim Disk Version 1TB voll funktionsfähig
2026-09-03T11:44:34+00:00,3502413125,ps5_digital,460,gebraucht,0,36304 Alsfeld,PlayStation 5 PS5 Digital Slim Version 1TB voll funktionsfähig
2026-09-03T11:44:34+00:00,3502412699,ps5_pro,450,neu,0,67574 Osthofen,Sony PlayStation 5 Pro 1 TB mit OVP.
2026-09-03T11:44:34+00:00,3502412130,ps5_pro,450,neu,0,66538 Neunkirchen,Verkaufen!! PlayStation 5 Pro Digital Edition 2TB
2026-09-03T11:44:34+00:00,3502412098,ps5_digital,390,gebraucht,0,36304 Alsfeld,PlayStation 5 PS5 Digital Slim Version 1TB Lüfter laut
2026-09-03T11:44:34+00:00,3502411909,ps5_slim,375,neu,0,51643 Gummersbach,Ps5 Slim Disc Neu
2026-09-03T11:44:34+00:00,3502411155,ps5_disc,220,gebraucht,0,94431 Pilsting,Sony PlayStation VR2 PS VR2 für PS5 inkl. 2 Sense Controller + La
2026-09-03T11:44:34+00:00,3502409437,ps5_slim_digital,380,gebraucht,0,99842 Ruhla,Ps5 slim Digital Edition  825GB mit Rechnung
2026-09-03T11:44:34+00:00,3470214517,ps5_slim,999,gebraucht,0,36093 Künzell,PS 5 Slim Budle
2026-09-03T11:44:34+00:00,3502404226,ps5_pro,549,neu,1,07980 Berga/Elster,Sony PlayStation 5 Pro Weiß Mit Laufwerk + 2 Controller
2026-09-03T11:44:34+00:00,3502399174,ps5_slim,375,gebraucht,0,68169 Mannheim,PS5 Slim 1 TB
2026-09-03T11:44:34+00:00,3502397269,ps5_slim_digital,399,gebraucht,0,99091 Erfurt,Sony PS5 Slim Digital Edition – 825 GB – Weiß
2026-09-03T11:44:43+00:00,3502416171,switch_lite,90,gebraucht,0,47799 Krefeld,Nintendo Switch Lite
2026-09-03T11:44:43+00:00,3502415204,switch,140,neu,0,33098 Paderborn,TOP Zustand Nintendo Switch (Rot/Blau) inkl. Zubehör & OVP
2026-09-03T11:44:43+00:00,3502413836,switch_oled,190,gebraucht,1,52224 Stolberg (Rhld),Nintendo Switch OLED Modell - Weiß - Guter Zustand
2026-09-03T11:44:43+00:00,3502413219,switch,390,gebraucht,0,54516 Wittlich,Switch plus Spiele
2026-09-03T11:44:43+00:00,3502391387,switch2,380,gebraucht,0,84539 Ampfing,Nintendo Switch 2
2026-09-03T11:44:43+00:00,3502408312,switch,150,gebraucht,0,"04109 Leipzig, Zentrum",Nintendo Switch
2026-09-03T11:44:43+00:00,3502408276,switch,95,gebraucht,0,12623 Mahlsdorf,Nintendo Switch Tablet nur Konsole
2026-09-03T11:44:43+00:00,3502408014,switch,160,gebraucht,0,66333 Völklingen,Nintendo Switch mit Tasche
2026-09-03T11:44:43+00:00,3502402663,switch,250,gebraucht,1,49401 Damme,Nintendo Switch
2026-09-03T11:44:43+00:00,3502398532,switch_oled,219,neu,0,45770 Marl,Nintendo Switch OLED | weiß | wie neu mit OVP
2026-09-03T11:44:43+00:00,3502397985,switch,299,gebraucht,0,61169 Friedberg (Hessen),"Nintendo Switch 1,  V2,  Komplett-Bundle"
2026-09-03T11:44:43+00:00,3502397756,switch_oled,199,gebraucht,0,26969 Butjadingen,Nintendo Switch OLED Modell weiß mit Spiel und Zubehör
2026-09-03T11:44:46+00:00,3502409619,xbox_series_s,1400,neu,0,73760 Ostfildern,Microsoft Xbox Series X25 Limited Edition Vorbestellung ✅
2026-09-03T11:44:46+00:00,3502403353,xbox_series_x,299,gebraucht,1,07980 Berga/Elster,Microsoft Xbox Series x 1TB Weiß 2 Controller
2026-09-03T11:44:46+00:00,3502402091,xbox_series_x,290,gebraucht,3,02827 Görlitz,Xbox Series X 1TB + Original Verpackung + 11 Spiele
2026-09-03T19:34:46+00:00,3502831362,ps5_disc,500,gebraucht,0,44532 Lünen,PlayStation 5
2026-09-03T19:34:46+00:00,3502831223,ps5_digital,450,gebraucht,1,31535 Neustadt am Rübenberge,PlayStation 5 digital mit 2 Controller
2026-09-03T19:34:46+00:00,3502827115,ps5_slim,280,gebraucht,1,06567 Bad Frankenhausen/Kyffhäuser,SONY PS5 Slim mit Laufwerk +2 Controller
2026-09-03T19:34:46+00:00,3502819495,ps5_disc,499,neu,1,20144 Hamburg Eimsbüttel (Stadtteil),Sony PlayStation 5 mit Laufwerk - 2 Controller+OVP+2 Standfüße
2026-09-03T19:34:46+00:00,3502813423,ps5_slim,550,neu,1,52349 Düren,ps5 slim 2 controller  disc
2026-09-03T19:34:46+00:00,3502585586,ps5_disc,430,gebraucht,0,31515 Wunstorf,Ps5 Disc Version
2026-09-03T19:34:46+00:00,3502808691,ps5_disc,330,gebraucht,0,42551 Velbert,ps5 konsole
2026-09-03T19:34:46+00:00,3502807414,ps5_disc,450,gebraucht,0,95239 Zell i. Fichtelgebirge,Sony PlayStation 5 Disc Edition Konsole
2026-09-03T19:34:46+00:00,3502805336,ps5_disc,450,gebraucht,0,27711 Osterholz-Scharmbeck,Playstation 5
2026-09-03T19:34:46+00:00,3502799556,ps5_slim,490,neu,0,53332 Bornheim,Sony PlayStation 5 Slim Disc  1TB inkl. OVP und Rechnung
2026-09-03T19:34:55+00:00,3502830796,switch2,380,neu,1,06536 Südharz,Nintendo Switch 2 OVP + 2 Controller + Mario Jamboree
2026-09-03T19:34:55+00:00,3502830063,switch_lite,120,gebraucht,0,82396 Pähl,"Nintendo Switch Lite, türkis"
2026-09-03T19:34:55+00:00,3502829756,switch,180,neu,1,41462 Neuss,Nintendo Switch Konsole mit Joy-Cons in OVP
2026-09-03T19:34:55+00:00,3502827953,switch_lite,115,neu,0,86161 Augsburg,Nintendo Switch Lite Türkis inkl. OVP – Top Zustand
2026-09-03T19:34:55+00:00,3502827186,switch,129,gebraucht,1,39624 Kalbe (Milde),Nintendo Switch V1 HAC-001 Konsole + Neon Joy-Con Rot/Blau
2026-09-03T19:34:55+00:00,3502825226,switch_lite,139,gebraucht,0,68309 Mannheim,Nintendo Switch Lite Grau + Assassin’s Creed III + Tasche
2026-09-03T19:34:55+00:00,3502824843,switch,180,gebraucht,0,46459 Rees,Nintendo Switch Konsole mit Zubehör und 2 Spielen
2026-09-03T19:34:55+00:00,3502824765,switch_oled,200,gebraucht,1,35108 Allendorf,Nintendo Switch Oled
2026-09-03T19:34:55+00:00,3502821303,switch_oled,400,gebraucht,1,67435 Neustadt an der Weinstraße,Nintendo Switch OLED mit Modchip
2026-09-03T19:34:55+00:00,3502820220,switch,165,neu,0,92249 Vilseck,nintendo switch ( 2 Version ) mit ovp
2026-09-03T19:34:55+00:00,3502818001,switch_oled,250,neu,0,13125 Karow,Nintendo switch oled Neu
2026-09-03T19:34:55+00:00,3502811100,switch,280,gebraucht,0,66333 Völklingen,Nintendo Switch mit beleuchtetem Custom Acryl Dock
2026-09-03T19:34:55+00:00,3502810981,switch2,389,neu,0,73525 Schwäbisch Gmünd,Nintendo Switch 2 Konsole *NEU*
2026-09-03T19:34:55+00:00,3502808642,switch,180,neu,0,33129 Delbrück,Nintendo Switch Konsole inkl OVP und Splatoon
2026-09-03T19:34:55+00:00,3502808551,switch,160,neu,0,17213 Malchow,Nintendo Switch
2026-09-03T19:34:55+00:00,3502807895,switch,150,gebraucht,0,45721 Haltern am See,Eine Nintendo Switch 1 an
2026-09-03T19:34:55+00:00,3502806716,switch,220,gebraucht,0,71034 Böblingen,Nintendo Switch mit Zubehör
2026-09-03T19:34:55+00:00,3502805733,switch2,385,neu,0,06469 Nachterstedt,Nintendo Switch 2 Konsole Neu OVP
2026-09-03T19:34:55+00:00,3502803685,switch,260,gebraucht,0,72461 Albstadt,Nintendo Switch
2026-09-03T19:34:55+00:00,3502802895,switch_oled,250,gebraucht,0,12524 Treptow,Nintendo Switch OLED Konsole mit Zubehör
2026-09-03T19:34:58+00:00,3502826023,xbox_one,50,gebraucht,1,91284 Neuhaus a.d. Pegnitz,XBOX One S
2026-09-03T19:34:58+00:00,3502825534,xbox_series_x,700,gebraucht,3,64372 Ober-Ramstadt,Xbox Series X Konsole mit Controller 10 spiele
2026-09-03T19:34:58+00:00,3502821523,xbox_series_s,250,gebraucht,1,85777 Fahrenzhausen,Xbox Series S 512GB - Weiß + 2 Controller
2026-09-03T19:34:58+00:00,3502820511,xbox_series_s,290,gebraucht,0,86159 Augsburg,Xbox Series S 1TB Carbon Black + Controller + 2 Spiele
2026-09-03T19:34:58+00:00,3502814253,xbox_series_s,250,gebraucht,0,28329 Neue Vahr Nord,Xbox Series S mit Halterung und eingebauter Kühlung
2026-09-03T19:34:58+00:00,3502801232,xbox_series_x,650,gebraucht,1,38364 Schöningen,XBOX SERIES X 1TB
2026-09-03T19:34:58+00:00,3502797027,xbox_series_s,220,gebraucht,0,36119 Neuhof,Xbox S 512 GB
2026-09-03T19:34:58+00:00,3502751573,xbox_series_x,550,gebraucht,0,67454 Haßloch,Xbox Series X 1TB Konsole mit Laufwerk
2026-09-03T19:34:58+00:00,3502748756,xbox_series_s,510,gebraucht,0,77654 Offenburg,Xbox series S +Msi Monitor
2026-09-03T19:34:58+00:00,3502737704,xbox_series_x,300,gebraucht,0,63526 Erlensee,Xbox series x für 300 Euro
2026-09-03T19:34:58+00:00,3502731847,xbox_series_x,550,neu,0,10625 Charlottenburg,Xbox Series X 1TB Konsole mit Controller und OVP
2026-09-03T19:34:58+00:00,3502715350,xbox_series_x,450,gebraucht,0,90547 Stein,Xbox Series X Konsole mit Controller
2026-09-03T19:34:58+00:00,3502713622,xbox_series_x,799,gebraucht,0,63839 Kleinwallstadt,Xbox Series X Galaxy Edition mit 2TB
2026-09-03T19:35:02+00:00,3502832489,steamdeck,310,gebraucht,0,44894 Bochum-Ost,Steam Deck LCD 512GB inkl. Case
2026-09-03T19:35:02+00:00,3502813942,steamdeck_oled,630,gebraucht,0,38274 Elbe,Steam Deck OLED 512 GB - Neuwertig - 100% Akku
2026-09-03T19:35:02+00:00,3502762995,steamdeck_oled,620,gebraucht,0,71065 Sindelfingen,Steam Deck 512 GB OLED
2026-09-03T19:35:02+00:00,3502737389,steamdeck_oled,800,neu,0,84513 Töging am Inn,Steam Deck OLED 1TB Handheld Gaming Console
2026-09-03T19:35:02+00:00,3502712267,steamdeck,550,gebraucht,0,47179 Walsum,"Steam Deck LCD mit 512 GB + 512 GB SD und viel Zubehör"" lauten."
2026-09-03T19:35:02+00:00,3502708517,steamdeck_oled,570,neu,0,89231 Neu Ulm,WIE NEU: Steam Deck OLED 512 GB
2026-09-03T19:35:02+00:00,3502701758,steamdeck,400,gebraucht,0,38533 Vordorf,Steam Deck
2026-09-03T19:35:02+00:00,3502632626,steamdeck_oled,700,neu,0,64347 Griesheim,Steam Deck OLED 512 GB – Neu & originalverpackt
2026-09-03T19:35:02+00:00,3502628553,steamdeck_oled,680,gebraucht,0,88276 Berg,Steamdeck OLED 1TB + Zubehör
2026-09-03T19:35:02+00:00,3502582007,steamdeck_oled,350,gebraucht,0,04357 Schönefeld-Abtnaundorf,Steam Deck OLED 1TB
2026-09-03T19:35:02+00:00,3502576928,steamdeck_oled,635,gebraucht,0,23558 St. Lorenz Süd,Steam Deck Oled
2026-09-03T19:35:02+00:00,3502574867,steamdeck_oled,550,neu,0,48268 Greven,Steam Deck oled
2026-09-03T19:35:02+00:00,3502547738,steamdeck_oled,800,gebraucht,0,10435 Prenzlauer Berg,Steam Deck OLED 1TB + Steam Controller + Zubehör
2026-09-03T19:35:02+00:00,3502484049,steamdeck_oled,250,gebraucht,0,53340 Meckenheim,Steam Deck Oled 512GB
2026-09-03T19:35:02+00:00,3502442216,steamdeck_oled,550,gebraucht,0,06773 Gräfenhainichen,Steam Deck OLED 512 GB | Top Zustand | Displayschutz
2026-09-05T13:28:30+00:00,3504266587,ps5_slim,395,gebraucht,0,86415 Mering,Sony PS5 Slim
2026-09-05T13:28:30+00:00,3504265981,ps5_digital,450,gebraucht,0,80538 München/Lehel,Sony PlayStation 5 Digital Edition
2026-09-05T13:28:30+00:00,3504185928,ps5_disc,599,gebraucht,0,24103 Mitte,PS5 Disc + Alienware 360Hz Monitor
2026-09-05T13:28:30+00:00,3504260535,ps5_slim,400,gebraucht,0,24223 Raisdorf,PlayStation 5 Slim mit Controller
2026-09-05T13:28:30+00:00,3504257626,ps5_pro,945,gebraucht,0,46119 Oberhausen,PlayStation 5 PS5 Pro Konsole 2TB Rechnung Neuwertig
2026-09-05T13:28:30+00:00,3504254522,ps5_digital,400,gebraucht,0,51145 Porz,Ps5 digital inklusive Controller
2026-09-05T13:28:30+00:00,3504252652,ps5_slim,450,gebraucht,1,34270 Schauenburg,PlayStation 5 slim
2026-09-05T13:28:30+00:00,3504249665,ps5_pro,850,neu,0,80937 Milbertshofen - Am Hart,Ps5 pro neu
2026-09-05T13:28:30+00:00,3504249521,ps5_disc,335,gebraucht,0,55430 Oberwesel,Sony PlayStation 5 Konsole inkl. Originalverpackung
2026-09-05T13:28:30+00:00,3504246294,ps5_pro,789,neu,0,51063 Mülheim,Sony PlayStation 5 Pro 2 TB Neu & ungeöffnet  versiegelt
2026-09-05T13:28:30+00:00,3504245006,ps5_pro,499,neu,1,51063 Mülheim,PlayStation 5 Pro PS5 Pro 2 Controller
2026-09-05T13:28:30+00:00,3504244069,ps5_slim,390,gebraucht,0,21224 Rosengarten,Ps5 Slim / PlayStation 5
2026-09-05T13:28:30+00:00,3504243510,ps5_pro,995,neu,0,90425 Nordstadt,Sony PlayStation 5 Pro Konsole 2 TB Ps5 Pro Slim PS5 PRO mit OVP
2026-09-05T13:28:30+00:00,3504241647,ps4,130,gebraucht,1,46238 Bottrop,Playstation 4 slim  500 GB
2026-09-05T13:28:47+00:00,3504267060,switch_oled,180,gebraucht,0,95339 Neuenmarkt,Nintendo Switch OLED mit Zubehör und Tasche
2026-09-05T13:28:47+00:00,3504265351,switch,120,gebraucht,1,40229 Eller,Nitendo Switch + Zubehör
2026-09-05T13:28:47+00:00,3504261801,switch,160,gebraucht,0,82538 Geretsried,Nintendo Switch
2026-09-05T13:28:47+00:00,3504260150,switch_oled,320,gebraucht,0,56070 Koblenz,Nintendo Switch OLED Zelda TOTK komplett Paket + Spiele
2026-09-05T13:28:47+00:00,3504260099,switch,150,gebraucht,0,33161 Hövelhof,Nintendo Switch
2026-09-05T13:28:47+00:00,3504259983,switch,200,gebraucht,0,24361 Damendorf,Nintendo Switch Pokémon Let’s Go Pikachu & Evoli Limited Edition
2026-09-05T13:28:47+00:00,3504259930,switch,250,gebraucht,1,67071 Ludwigshafen,"Nintendo Switch Konsole mit 128GB, Pro Controller & 3 Spielen"
2026-09-05T13:28:47+00:00,3504259652,switch,150,gebraucht,0,26197 Großenkneten,Nintendo Switch
2026-09-05T13:28:47+00:00,3504258647,switch,200,gebraucht,0,22767 Hamburg Altona-Altstadt,Nintendo Switch
2026-09-05T13:28:47+00:00,3504256543,switch,195,gebraucht,0,29331 Lachendorf,Nintendo Switch V1 unpatched-Version mit viel Zubehör
2026-09-05T13:28:47+00:00,3504255925,switch,250,neu,0,79761 Waldshut-Tiengen,Nintendo Switch 1 - NEU
2026-09-05T13:28:47+00:00,3504253380,switch,95,gebraucht,0,59269 Beckum,Nintendo switch mit zubehör. Und zwei spielen
2026-09-05T13:28:47+00:00,3504250819,switch,180,gebraucht,1,59581 Warstein,Biete Nintendo Switch Lets Go Pikachu Edition an
2026-09-05T13:28:47+00:00,3504249654,switch_lite,90,gebraucht,0,77749 Hohberg,Nintendo Switch Lite blau mit Transportbox auf Wunsch Minecraft H
2026-09-05T13:28:47+00:00,3504248136,switch2,420,neu,1,39539 Havelberg,Nintendo Switch 2 Konsole plus Tasche OVP
2026-09-05T13:28:47+00:00,3504247029,switch,300,gebraucht,1,15748 Märkisch Buchholz,Nintendo Switch Konsole mit 5 Spielen und viel  Zubehör
2026-09-05T13:28:47+00:00,3504246252,switch,200,gebraucht,0,09119 Chemnitz,Nintendo Switch Konsole mit Zubehör und 2 Spielen
2026-09-05T13:28:47+00:00,3503734481,switch2,450,gebraucht,0,67663 Kaiserslautern,"Nintendo Switch 2 – 3 Monate alt, neuwertig"
2026-09-05T13:28:47+00:00,3504241723,switch_oled,280,neu,1,39387 Oschersleben (Bode),Nintendo Switch OLED mit OVP + 3 Spiele
2026-09-05T13:28:47+00:00,3504241687,switch_oled,250,gebraucht,0,33604 Bielefeld (Innenstadt),Nintendo Switch OLED - Inklusive: Mariokart 8 Deluxe
2026-09-05T13:28:51+00:00,3504256200,xbox_series_x,700,neu,1,35037 Marburg,Xbox Series X 1TB Bundle - Wie neu + 2 Controller & 2 Spiele
2026-09-05T13:28:51+00:00,3504239621,xbox_series_s,250,gebraucht,0,51545 Waldbröl,Xbox Series S 512 GB Konsole mit Controller
2026-09-05T13:28:51+00:00,3504229384,xbox_one,125,gebraucht,1,45892 Gelsenkirchen,Xbox One 1 TB 2 Controller
2026-09-05T13:28:51+00:00,3504227016,xbox_series_s,160,gebraucht,1,37639 Bevern,Xbox Series S 2 Controller
2026-09-05T13:28:51+00:00,3504226233,xbox_series_x,490,neu,0,24116 Schreventeich-Hasseldieksdamm,XBOX Series X 1TB SSD
2026-09-05T13:28:51+00:00,3504222936,xbox_series_s,250,gebraucht,0,03149 Forst (Lausitz),Xbox Series S
2026-09-05T13:28:51+00:00,3503859976,xbox_series_s,300,gebraucht,0,51061 Köln Stammheim,XBOX SERIES S 512GB
2026-09-05T13:28:51+00:00,3504220019,xbox_series_s,180,gebraucht,0,79183 Waldkirch,Xbox series s
2026-09-05T13:28:51+00:00,3504219674,xbox_series_x,495,neu,0,70794 Filderstadt,Xbox Series X 1TB mit Controller und OVP
2026-09-05T13:28:51+00:00,3504214412,xbox_one,125,neu,1,08132 Mülsen,"XBOX One S, 512GB, mit 3 Spielen"
2026-09-05T13:28:51+00:00,3504212998,xbox_series_s,280,gebraucht,0,04860 Torgau,Xbox Series S (Gepflegt und einwandfrei)
2026-09-05T13:28:51+00:00,3504202069,xbox_series_s,240,neu,0,34590 Wabern,Xbox Series S Konsole 512GB mit Controller und OVP
2026-09-05T13:28:51+00:00,3500675550,xbox_series_s,300,neu,0,35075 Gladenbach,XBOX SERIES S *Viel Zubehör*
2026-09-05T13:28:51+00:00,3504172680,xbox_series_s,330,gebraucht,1,49597 Rieste,"Xbox Series s mit Trustmaster t98 , 2 Controller & 1tb WD Black"
2026-09-05T13:28:53+00:00,3504262663,steamdeck_oled,530,neu,0,96126 Maroldsweisach,Steam Deck OLED 512GB
2026-09-05T13:28:53+00:00,3504201370,steamdeck,390,gebraucht,0,91052 Erlangen,Valve Steam Deck 256 GB LCD
2026-09-05T13:28:53+00:00,3504161486,steamdeck_oled,480,gebraucht,0,89192 Rammingen,Steam Deck  OLED 512gb
2026-09-05T13:28:53+00:00,3504055724,steamdeck_oled,600,neu,0,77694 Kehl,Steam Deck Oled 512 GB (Schwarz) – Wie neu mit Zubehör
2026-09-05T13:28:53+00:00,3503985379,steamdeck_oled,729,gebraucht,0,06679 Hohenmölsen,Steam Deck OLED 1 TB + 512GB SD Card
2026-09-05T13:28:53+00:00,3504011187,steamdeck,420,gebraucht,0,41061 Mönchengladbach,Valve Steam Deck 256GB Spielkonsole mit Dock - Schwarz
2026-09-05T13:28:53+00:00,3503937523,steamdeck,395,gebraucht,0,63505 Langenselbold,Valve Steam Deck 512GB | LCD | Zustand: sehr gut
2026-09-05T13:28:53+00:00,3503923020,steamdeck_oled,575,gebraucht,0,14776 Brandenburg an der Havel,SteamDeck 1 TB OLED
2026-09-05T13:28:53+00:00,3503882578,steamdeck,350,neu,0,23769 Fehmarn,Steamdeck LCD 256GB *Wie Neu*
2026-09-05T13:28:53+00:00,3503739773,steamdeck,450,gebraucht,0,79219 Staufen im Breisgau,steam deck lcd 256gb top zustand
2026-09-05T13:28:53+00:00,3503714703,steamdeck,420,gebraucht,0,88471 Laupheim,Steam Deck LCD 1TB mit eXtremeRate Case Mod & Clicky Kit
2026-09-05T13:28:53+00:00,3503575918,steamdeck_oled,360,gebraucht,0,50935 Köln Sülz,Valve Steam Deck OLED 512 GB SSD mit Zubehörpaket
2026-09-05T13:28:53+00:00,3503516573,steamdeck_oled,790,neu,0,76646 Bruchsal,NEU & OVP - Steam Deck OLED 1 TB inkl. Tragetasche
2026-09-05T13:28:53+00:00,3503148298,steamdeck_oled,699,gebraucht,0,14199 Wilmersdorf,Steam Deck Oled 512gb
2026-09-05T13:28:53+00:00,3503464070,steamdeck_oled,650,gebraucht,0,33617 Gadderbaum,Steam Deck OLED 512 GB inkl. Steam Dock *Top Zustand*
2026-09-05T13:28:53+00:00,3503454201,steamdeck_oled,599,neu,0,85643 Steinhöring,"Steam Deck OLED 512GB – Top Zustand, mit OVP"
2026-09-05T13:28:53+00:00,3503390710,steamdeck_oled,450,gebraucht,0,33602 Bielefeld (Innenstadt),steam deck oled
2026-09-05T13:28:53+00:00,3503359113,steamdeck_oled,680,neu,0,25436 Tornesch,Steam Deck OLED 512 GB wie neu mit Schutzfolie
2026-09-05T13:32:02+00:00,3504273514,ps5_pro,700,gebraucht,0,26160 Bad Zwischenahn,Sony PlayStation 5 Pro mit Cooling Station
2026-09-05T13:32:02+00:00,3504273165,ps5_disc,380,neu,0,36037 Fulda,PlayStation 5 Disc Edition mit 1 Controller - fast neu
2026-09-05T13:32:09+00:00,3504259835,xbox_series_x,489,gebraucht,0,92533 Wernberg-Köblitz,Xbox series x 1tb ssd mit elite series 2
2026-09-05T13:32:09+00:00,3504170258,xbox_series_s,279,gebraucht,0,58566 Kierspe,Xbox Series S Konsole inkl. 1 Controller Neuwertig
2026-09-05T13:35:15+00:00,3504275757,ps5_disc,300,gebraucht,0,34132 Kassel,"PlayStation 5 ,Sehr  guter Zustand 500 GB mit Laufwerk"
2026-09-05T13:35:31+00:00,3504277424,switch_oled,260,gebraucht,0,39443 Förderstedt,Nintendo Switch OLED - Zelda Totk Edition mit Spiel und Joycons
2026-09-05T13:35:31+00:00,3504276824,switch,420,gebraucht,0,79618 Rheinfelden (Baden),Nintendo Switch
2026-09-05T13:35:34+00:00,3504276119,xbox_series_s,280,gebraucht,0,35684 Dillenburg,Xbox Series S mit Controllern
2026-09-05T13:38:39+00:00,3504281485,ps5_disc,500,gebraucht,0,24238 Selent,eine ps5 zu verkaufen an 500€VB
2026-09-05T13:38:39+00:00,3504278571,ps5_slim,400,gebraucht,0,83512 Wasserburg am Inn,ps5 slim mit umgebauten Controller
2026-09-05T13:38:48+00:00,3504282539,switch_oled,260,gebraucht,0,04288 Holzhausen,Nintendo Switch OLED mit Zubehör und Yoshis Crafed World
2026-09-05T13:38:48+00:00,3504281962,switch,110,gebraucht,0,64289 Darmstadt,Nintendo Switch
2026-09-05T13:38:48+00:00,3504280557,switch_lite,120,gebraucht,0,55452 Rümmelsheim,Nintendo Switch Lite Coral – neuwertiger Zustand
2026-09-05T13:41:59+00:00,3504286362,switch_oled,220,gebraucht,0,83075 Bad Feilnbach,Nintendo Switch OLED
2026-09-05T13:41:59+00:00,3504285515,switch,120,gebraucht,0,26817 Rhauderfehn,Nintendo Switch Animal Crossing Edition mit Spielen
2026-09-05T13:41:59+00:00,3504284785,switch,129,gebraucht,0,12167 Steglitz,Nintendo Switch V2 (besserer Akku) inkl. Zubehör
2026-09-05T13:41:59+00:00,3504284456,switch_oled,310,neu,0,09405 Gornau,Nintendo Switch Oled mit Spiele und Zubehör
2026-09-05T13:41:59+00:00,3504217124,switch_lite,90,gebraucht,0,15711 Königs Wusterhausen,Nintendo Switch Lite Animal Crossing Koralle mit Ladegerät
2026-09-05T13:45:07+00:00,3504288025,ps5_disc,500,neu,0,92637 Weiden (Oberpfalz),playstation 5
2026-09-05T13:48:19+00:00,3504292370,ps5_disc,450,gebraucht,1,25813 Husum,PlayStation 5 Disc Edition 825GB mit 2 Controllern
2026-09-05T13:48:19+00:00,3504292188,ps5_disc,430,gebraucht,0,66333 Völklingen,PlayStation 5 mit Laufwerk und rotem Controller
2026-09-05T13:48:22+00:00,3504294343,switch_oled,227,gebraucht,0,65344 Eltville,Nintendo Switch OLED – Top Zustand
2026-09-05T13:48:28+00:00,3504285669,steamdeck,600,gebraucht,0,10317 Lichtenberg,"Steamdeck on steroids, GPD Win 4 6800U 16GB RAM 1TB NVME SSD"
2026-09-05T13:51:41+00:00,3504296430,switch_oled,350,gebraucht,1,63667 Nidda,Nintendo Switch OLED Modell mit 5 Spielen und Zubehör
2026-09-05T13:51:41+00:00,3504296107,switch2,265,gebraucht,0,18586 Goehren,Nintendo Switch 2 Mario Kart World Edition
2026-09-05T13:51:41+00:00,3504295282,switch_lite,110,gebraucht,0,04288 Holzhausen,Nintendo Switch Lite Animal Crossing Edition
2026-09-05T13:51:41+00:00,3504294793,switch_lite,100,gebraucht,0,75305 Neuenbürg,Nintendo Switch Lite (Türkis) + Schutzhülle
2026-09-05T13:54:51+00:00,3504303182,ps5_slim,470,gebraucht,0,47574 Goch,ps5 slim mit laufwerk 1 tb
2026-09-05T13:54:51+00:00,3504302469,ps5_disc,450,gebraucht,0,49088 Osnabrück,Playstation 5 mit Laufwerk inkl Controller
2026-09-05T13:54:51+00:00,3504301613,ps5_pro,1750,neu,0,42283 Barmen,PS5 Pro + DualSense Edge + Controller + Headset | OVP & Rechnung
2026-09-05T13:54:51+00:00,3504299400,ps5_pro,999,gebraucht,0,04758 Oschatz,Neue PS5 Pro 2T
2026-09-05T13:54:54+00:00,3504302202,switch_oled,250,gebraucht,0,84513 Töging am Inn,Nintendo Switch oled
2026-09-05T13:54:54+00:00,3504301525,switch_oled,100,gebraucht,0,22119 Hamburg Horn,Nintendo Switch OLED Modell mit Joy-Con Grip
2026-09-05T13:54:54+00:00,3504300371,switch,220,gebraucht,0,38304 Wolfenbüttel,Nintendo Switch + 4 Joy-Cons + viel Zubehör – Komplett-Set
2026-09-05T13:54:54+00:00,3504300031,switch,600,gebraucht,0,60388 Bergen-Enkheim,Nintendo Switch + Spiele und Massenweise Zubehör
2026-09-05T13:54:54+00:00,3504299690,switch,350,gebraucht,1,65929 Höchst,Nintendo Switch mit 3 Spielen und Zubehör (Pro Controller)
2026-09-05T13:58:09+00:00,3504307174,ps5_disc,400,gebraucht,0,40597 Benrath,PlayStation 5
2026-09-05T13:58:12+00:00,3504305771,switch,200,gebraucht,0,99091 Erfurt,Nintendo Switch V2 mit Garantie von 04/26
2026-09-05T13:58:12+00:00,3504305563,switch,400,gebraucht,3,42103 Elberfeld-West,"Nintendo Switch Konsole mit 13 Spielen, Ring-Con & Zubehör"
2026-09-05T13:58:12+00:00,3504304368,switch,240,gebraucht,0,31582 Nienburg (Weser),Nintendo Switch (Special Edition) inkl. MK 8D & SUPER MARIO PARTY
2026-09-05T13:58:12+00:00,3504304116,switch,350,gebraucht,0,22145 Stapelfeld,Nintendo Switch Konsole + Zubehör
2026-09-05T13:58:12+00:00,3504304004,switch,165,gebraucht,0,22111 Hamburg Horn,Nintendo Switch V2 besserer Akku
2026-09-05T13:58:12+00:00,3504303478,switch_oled,280,gebraucht,0,51503 Rösrath,Nintendo Switch OLED mit Mod Chip & 256GB SanDisk Speicherkarte
2026-09-05T13:58:12+00:00,3504303441,switch,200,gebraucht,0,82275 Emmering,Nintendo Switch
2026-09-05T13:58:12+00:00,3504289128,switch_oled,170,gebraucht,1,38302 Wolfenbüttel,Switch OLED komplett Set
2026-09-05T13:58:22+00:00,3504306603,xbox_series_x,550,gebraucht,0,49088 Osnabrück,Xbox series X
2026-09-05T13:58:22+00:00,3504305281,xbox_series_x,549,gebraucht,0,17034 Neubrandenburg,Xbox Series X 1TB inkl. Controller
2026-09-05T13:58:22+00:00,3504305167,xbox_series_s,200,gebraucht,0,49088 Osnabrück,X box series S
2026-09-05T13:58:25+00:00,3504303680,steamdeck,449,gebraucht,0,29399 Wahrenholz,Steam Deck LCD 256GB + 1TB SanDisk Extreme PRO + Dock + Zubehör
2026-09-05T13:58:25+00:00,3504283073,steamdeck_oled,820,neu,0,51373 Leverkusen,"Steam Deck OLED 1 TB, NEU, Originalverpackt, Unbenutzt"
2026-09-05T14:01:28+00:00,3504310646,ps5_slim,500,gebraucht,0,50321 Brühl,PlayStation 5  Slim 1 TB
2026-09-05T14:01:31+00:00,3504309409,switch_oled,165,gebraucht,0,51379 Leverkusen,Nintendo switch Oled
2026-09-05T14:01:31+00:00,3504309316,switch2,325,gebraucht,0,65201 Wiesbaden,Nintendo switch2 inkl. Zubehör
2026-09-05T14:01:33+00:00,3504310725,xbox_series_x,265,gebraucht,0,18551 Glowe Rügen,XBOX Series X 1TB + 2TB Elite Bundle
2026-09-05T14:04:49+00:00,3504311230,switch_oled,220,gebraucht,0,38723 Seesen,NINTENDO Switch OLED
2026-09-05T14:04:52+00:00,3504308760,xbox_series_x,200,gebraucht,0,24103 Kiel - Altstadt,XBOX Series X
2026-09-05T14:08:05+00:00,3504318730,switch,170,gebraucht,0,50827 Ehrenfeld,Nintendo Switch Konsole mit Mario Kart 8 Deluxe und Zubehör
2026-09-05T14:11:18+00:00,3504291424,switch,200,neu,0,95028 Hof (Saale),Nintendo Switch V2 Komplettset + Schutzglas + Offline-Accoun
2026-09-05T14:11:18+00:00,3504322407,switch_oled,200,gebraucht,0,01609 Gröditz,Nintendo switch 1 oled
2026-09-05T14:11:24+00:00,3504321042,steamdeck_oled,769,gebraucht,0,56414 Oberahr,Steamdeck Oled 1 TB
2026-09-05T14:14:27+00:00,3504327281,ps5_pro,900,neu,0,44309 Asseln,Ps5 pro 2TB neu versiegelt mit Rechnung
2026-09-05T14:14:29+00:00,3504327423,switch,175,gebraucht,0,14778 Beetzsee,Nintendo Switch Konsole inkl. Dockingstation & 4 Controller
2026-09-05T14:14:29+00:00,3504325446,switch,180,gebraucht,0,17389 Anklam,Nintendo Switch Konsole mit Zubehör & Pikachu Controller
2026-09-05T14:14:29+00:00,3504325342,switch2,410,gebraucht,0,16269 Wriezen,Nintendo Switch 2 mit 2 Spielen
2026-09-05T14:17:37+00:00,3504329234,ps5_pro,850,gebraucht,0,97078 Würzburg,PlayStation 5 Pro Konsole Disk
2026-09-05T14:17:40+00:00,3504331956,switch_lite,150,gebraucht,0,14778 Beetzsee,Nintendo Switch lite Gelb *TOP Zustand*
2026-09-05T14:17:40+00:00,3504328969,switch,150,gebraucht,1,13589 Spandau,Nintendo Switch  + 4 Spiele
2026-09-05T14:17:42+00:00,3504329453,xbox_series_s,355,gebraucht,1,44534 Lünen,Microsoft xbox Series s
2026-09-05T14:17:42+00:00,3504328911,xbox_series_s,160,gebraucht,0,25436 Heidgraben,Xbox Series s
2026-09-05T14:17:42+00:00,3504328451,xbox_series_s,250,gebraucht,0,06193 Petersberg (Saalekreis),Microsoft XBox S
2026-09-05T16:51:51+00:00,3504505816,ps5_disc,495,gebraucht,0,33330 Gütersloh,PS5 mit 2 spiele
2026-09-05T16:51:51+00:00,3504505521,ps5_pro,800,gebraucht,0,26452 Sande,Playstation 5 Pro 2TB inkl. Restgarantie & Rechnung
2026-09-05T16:51:51+00:00,3504505311,ps5_disc,470,gebraucht,0,27578 Bremerhaven,"Sony PlayStation 5 mit Controller, Ladestation und Spielen"
2026-09-05T16:51:51+00:00,3504504072,ps5_disc,400,gebraucht,1,41460 Neuss,Sony PlayStation 5 Konsole mit 2 Controllern & HyperX Headset
2026-09-05T16:51:51+00:00,3504485528,ps5_pro,940,gebraucht,2,38518 Gifhorn,PS5 Pro 2TB Laufwerk
2026-09-05T16:51:51+00:00,3504483251,ps5_slim_digital,465,neu,0,12359 Neukölln,Playstation 5 PS5 Slim Digital Version 825 GB NEU VERSIEGELT
2026-09-05T16:51:51+00:00,3504472157,ps5_disc,299,neu,1,21423 Winsen (Luhe),PS5 2 Controller Limited Edition Spider-Man 2
2026-09-05T16:51:51+00:00,3504476266,ps5_disc,450,gebraucht,0,49088 Osnabrück,Playstation 5 mit Laufwerk
2026-09-05T16:51:51+00:00,3504473855,ps5_disc,405,gebraucht,1,35614 Aßlar,Ps5 mit 2 Controllen
2026-09-05T16:51:51+00:00,3504473715,ps5_digital,489,neu,0,26826 Weener,Sony PlayStation 5 Slim Digital Edition 1TB PS5 – wie neu
2026-09-05T16:51:51+00:00,3504472666,ps5_slim,450,gebraucht,1,29683 Bad Fallingbostel,PlayStation 5 Slim 1TB
2026-09-05T16:51:51+00:00,3504471774,ps5_disc,560,gebraucht,1,48231 Warendorf,PlayStation 5 Disc Edition mit 2 Controller
2026-09-05T16:51:51+00:00,3504469258,ps5_slim,500,neu,0,65929 Höchst,Ps5 slim wie neu
2026-09-05T16:51:51+00:00,3504462230,ps5_disc,449,gebraucht,0,53773 Hennef (Sieg),Playstation 5 Konsole PS5 Spiderman Design
2026-09-05T16:51:51+00:00,3504461055,ps5_digital,459,gebraucht,0,36304 Alsfeld,PlayStation 5 PS5 Digital Slim Version 1TB voll funktionsfähig
2026-09-05T16:51:51+00:00,3504455739,ps5_disc,550,gebraucht,0,08606 Oelsnitz / Vogtland,PlayStation 5 Konsole mit Controller und Headset
2026-09-05T16:51:56+00:00,3504506788,switch,135,gebraucht,0,86156 Augsburg,Nintendo Switch Konsole + Konsolentasche
2026-09-05T16:51:56+00:00,3503686777,switch2,549,gebraucht,0,97922 Lauda-Königshofen,Nintendo Switch 2 + Pro Controller + 256GB SD + 2 Spiele + Tasche
2026-09-05T16:51:56+00:00,3504499591,switch,180,gebraucht,0,29525 Uelzen,nintendo switch 1
2026-09-05T16:51:56+00:00,3504497462,switch_oled,300,gebraucht,0,14770 Brandenburg an der Havel,Nintendo Switch Oled
2026-09-05T16:51:56+00:00,3504497130,switch,130,neu,2,91710 Gunzenhausen,Nintendo switch
2026-09-05T16:51:56+00:00,3504497281,switch_lite,80,gebraucht,0,68723 Schwetzingen,Switch Lite mit Animel Crossing
2026-09-05T16:51:56+00:00,3504494449,switch,125,gebraucht,0,22049 Hamburg Dulsberg,"Nintendo Switch Unpatched / CFW / RCM dank ""guter Seriennummer"""
2026-09-05T16:51:56+00:00,3504493616,switch,150,neu,0,12049 Neukölln,Nintendo Switch cf w
2026-09-05T16:51:56+00:00,3504492032,switch,185,gebraucht,0,22049 Hamburg Dulsberg,"Nintendo Switch mit 4 Controller, Ladestation und Tasche"
2026-09-05T16:51:56+00:00,3504483211,switch,180,gebraucht,0,83024 Rosenheim,Nintendo Switch V1 ungepatcht / CFW-fähig + 256GB SD & Zubehör
2026-09-05T16:51:56+00:00,3504489889,switch_oled,185,gebraucht,0,22049 Hamburg Dulsberg,Nintendo Switch OLED in Mario Rot Edition im Top Zustand
2026-09-05T16:51:56+00:00,3504486847,switch,100,gebraucht,0,15711 Königs Wusterhausen,Nintendo Switch Konsole - grau schwarz
2026-09-05T16:51:56+00:00,3504486479,switch_lite,115,gebraucht,0,48477 Hörstel,Switch Lite Coral inkl. Case und Transporttasche
2026-09-05T16:51:56+00:00,3504482883,switch,240,gebraucht,0,85395 Wolfersdorf,Nintendo Switch Konsole Fortnite Special Edition blau/gelb Top
2026-09-05T16:51:56+00:00,3504480830,switch_oled,220,gebraucht,0,24539 Neumünster,Nintendo Switch OLED
2026-09-05T16:52:05+00:00,3504496352,xbox_series_s,190,gebraucht,0,18356 Fuhlendorf (Vorpommern),Xbox Series S Konsole mit Controller
2026-09-05T16:52:05+00:00,3504493347,xbox_series_x,580,neu,0,50389 Wesseling,"Xbox Series X 1TB mit OVP Wie neu, kaum genutzt"
2026-09-05T16:52:05+00:00,3504486701,xbox_series_s,250,gebraucht,0,22765 Hamburg Ottensen,XBox Series s
2026-09-05T16:52:05+00:00,3503866733,xbox_series_x,550,gebraucht,0,22111 Hamburg Horn,Xbox Series X 1TB Konsole mit 1 Controller & Spielen
2026-09-05T16:52:05+00:00,3504476920,xbox_series_x,725,neu,2,48527 Nordhorn,Xbox Series X 1TB Konsole mit Controller und Zubehör+8 Spiele
2026-09-05T16:52:05+00:00,3504454660,xbox_series_x,599,gebraucht,2,41844 Wegberg,Xbox Series X 1TB + 2 Controller + 3 Spiele
2026-09-05T16:52:05+00:00,3504462281,xbox_series_s,239,gebraucht,0,26125 Oldenburg,Xbox Series S perfekter Zustand
2026-09-05T16:52:05+00:00,3504461810,xbox_series_s,250,neu,0,24939 Flensburg,Xbox Series S
2026-09-05T16:52:05+00:00,3504457493,xbox_series_s,220,gebraucht,0,14770 Brandenburg an der Havel,Xbox Series S
2026-09-05T16:52:05+00:00,3504428607,xbox_series_s,200,gebraucht,0,34576 Homberg (Efze),xbox series S
2026-09-05T16:52:05+00:00,3504405391,xbox_series_x,1000,neu,3,90768 Fürth,Xbox series X OVP Setup VB
2026-09-05T16:52:05+00:00,3504402567,xbox_one,70,gebraucht,0,40595 Garath,Xbox One S 500GB Konsole mit Controller
2026-09-05T16:52:05+00:00,3504400962,ps5_pro,1250,gebraucht,0,45147 Holsterhausen,Ps5 pro und Xbox Series X gegen high gaming end pc
2026-09-05T16:52:05+00:00,3504142450,xbox_series_x,299,neu,0,17449 Karlshagen,Konsole 4K XBOX Series X 1 TB inkl. Controller und OVP
2026-09-05T16:52:05+00:00,3504379124,xbox_series_s,190,gebraucht,0,10715 Wilmersdorf,Xbox Series S Konsole mit Controller und Kabeln
2026-09-05T16:52:05+00:00,3504335367,xbox_series_x,700,gebraucht,2,57074 Siegen,Xbox Series X
2026-09-05T16:52:08+00:00,3504499240,steamdeck_oled,470,neu,0,45475 Mülheim (Ruhr),Steam deck Oled mit diversen  Zubehör
2026-09-05T16:52:08+00:00,3504489516,steamdeck_oled,650,gebraucht,0,53332 Bornheim,Steam Deck Oled 1TB
2026-09-05T16:52:08+00:00,3504474608,steamdeck_oled,520,gebraucht,0,31137 Hildesheim,Steam Deck OLED 512 GB
2026-09-05T16:52:08+00:00,3504460515,steamdeck,450,gebraucht,0,14974 Ludwigsfelde,Steam Deck Valve Konsole 512 GB
2026-09-05T16:52:08+00:00,3504438441,steamdeck,450,gebraucht,0,14776 Brandenburg an der Havel,Steam Deck 256 GB mit SD Karte
2026-09-05T16:52:08+00:00,3504425438,steamdeck,401,neu,0,32602 Vlotho,Steam Deck LCD 256GB - wie neu in OVP
2026-09-05T16:52:08+00:00,3504407792,steamdeck,350,gebraucht,0,07747 Jena,Steam Deck 256gb
2026-09-05T16:52:08+00:00,3504344850,steamdeck_oled,635,gebraucht,0,25337 Elmshorn,Top Valve Steam Deck OLED 512 GB Top Zustand
2026-09-05T16:55:11+00:00,3504508905,ps5_disc,450,neu,0,71570 Oppenweiler,PS5 disc edition mit OVP
2026-09-05T16:55:11+00:00,3504508205,ps5_disc,560,gebraucht,1,38855 Wernigerode,PS5 Disc Bundle Paket viel  Zubehör Top
2026-09-05T16:55:11+00:00,3504507076,ps5_slim_digital,499,neu,0,64839 Münster,PS5 Slim Digital Edition 1TB + Galactic Purple Controller + OVP
2026-09-05T16:55:17+00:00,3504509329,switch,180,gebraucht,0,68309 Mannheim,Nintendo Switch Konsole im Set mit Zubehör
2026-09-05T16:55:17+00:00,3504508545,switch_lite,110,gebraucht,0,65185 Wiesbaden,Nintendo Switch Lite in Rosa
2026-09-05T16:55:17+00:00,3504507184,switch2,400,gebraucht,0,97199 Ochsenfurt,Nintendo Switch 2
2026-09-05T16:58:52+00:00,3504513188,ps5_disc,380,gebraucht,1,40213 Pempelfort,PS5 Disc Edition  mit 2 Controller
2026-09-05T16:58:52+00:00,3504512403,ps5_disc,499,neu,0,50829 Ossendorf,PlayStation 5 mit Laufwerk | Wie neu + OVP + Controller
2026-09-05T16:58:57+00:00,3504511141,switch2,450,gebraucht,0,54538 Kinderbeuern,Nintendo Switch 2 Konsole mit Zubehör
2026-09-05T17:02:28+00:00,3504516735,switch,189,gebraucht,0,42699 Solingen,Nintendo Switch HAC-001 UNPATCHED (XAJ7) + Mario Kart 8 Deluxe
2026-09-05T17:02:28+00:00,3504515273,switch,200,gebraucht,0,60598 Sachsenhausen,Nintendo Switch Konsole mit Zubehör und Spielen
2026-09-05T17:05:44+00:00,3504515545,ps5_slim_digital,400,gebraucht,0,28199 Neustadt,PS5 Slim Digital Edition (1 TB)
2026-09-05T17:05:44+00:00,3504515479,ps5_slim,580,gebraucht,1,24837 Schleswig,"PlayStation 5 Slim Disc 1TB mit 2 Controllern, 1 Spiel & Sticker"
2026-09-05T17:05:44+00:00,3504512274,ps5_slim,340,gebraucht,0,21335 Lüneburg,Playstation 5 PS 5 Slim 1TB Disk
2026-09-05T17:05:50+00:00,3504519623,switch,120,gebraucht,0,80939 Schwabing-Freimann,Nintendo Switch Konsole & Zubehör
2026-09-05T17:06:00+00:00,3504519120,xbox_series_x,275,gebraucht,3,93053 Regensburg,Xbox Series X 1TB + Original Verpackung + 11 Spiele
2026-09-05T17:09:21+00:00,3504521948,ps5_disc,540,gebraucht,1,57562 Herdorf,Sony PlayStation 5 Konsole mit 2 DualSense Controllern 1TB
2026-09-05T17:09:26+00:00,3504522961,switch,190,gebraucht,0,08412 Werdau,Nintendo Switch mit viel Zubehör
2026-09-05T17:09:26+00:00,3504522076,switch,150,gebraucht,1,44141 Mitte,Nintendo Switch Konsole mit Zubehör und 4 Spielen
2026-09-05T17:09:26+00:00,3504521573,switch_oled,170,gebraucht,0,59494 Soest,Nintendo Switch OLED (Mario Red Edition)
2026-09-05T17:09:26+00:00,3504520290,switch,95,gebraucht,0,12623 Mahlsdorf,Nintendo Switch Tablet nur Konsole
2026-09-05T17:09:29+00:00,3504521337,xbox_series_s,200,gebraucht,0,38350 Helmstedt,Xbox Series S 512GB mit Controller
2026-09-05T17:12:43+00:00,3504524164,ps5_disc,450,gebraucht,0,63839 Kleinwallstadt,PS5 Disc Edition + Controller
2026-09-05T17:12:43+00:00,3504523599,ps5_disc,450,gebraucht,0,56477 Rennerod,PlayStation 5
2026-09-05T17:12:46+00:00,3504525580,switch,100,gebraucht,0,30179 Nord,Nintendo Switch
2026-09-05T17:12:46+00:00,3504525255,switch_oled,230,gebraucht,0,21493 Schwarzenbek,Nintendo Switch OLED Mario-Edition (Rot)- Guter Zustand
2026-09-05T17:12:46+00:00,3504523843,switch,200,gebraucht,0,66892 Bruchmühlbach-Miesau,"Nintendo Switch mit 256 GB SanDisk, Koffer & Zubehör zu verkaufen"
2026-09-05T17:16:02+00:00,3504528780,ps5_slim,600,gebraucht,0,52385 Nideggen / Düren,Playstation 5 slim
2026-09-05T17:16:02+00:00,3504527161,ps5_digital,520,neu,0,53229 Beuel,Ps5 digital Edition neu unverpackt mit Rechnung ‼️
2026-09-05T17:16:05+00:00,3500397793,switch2,420,gebraucht,0,85259 Wiedenzhausen,Nintendo Switch 2 Konsole mit Zubehör
2026-09-05T17:16:05+00:00,3504526565,switch_oled,230,neu,0,78054 Villingen-Schwenningen,Nintendo Switch OLED Zustand wie neu
2026-09-05T17:19:14+00:00,3504530766,ps5_pro,920,neu,0,23617 Stockelsdorf,Ps5 Pro OVP (ungeöffnet)
2026-09-05T17:19:14+00:00,3504530554,ps5_pro,850,gebraucht,0,01454 Radeberg,ps 5 pro 2 Tb
2026-09-05T17:19:14+00:00,3504529753,ps5_disc,520,gebraucht,0,42651 Solingen,Ps5 Zu verkaufen mit zubehör
2026-09-05T17:19:17+00:00,3504530315,switch,190,neu,1,35094 Lahntal,nintendo switch fast neu mit 3 spielen
2026-09-05T17:19:17+00:00,3504530222,switch_lite,109,neu,0,66280 Sulzbach (Saar),Nintendo Switch Lite Türkis mit OVP und Zubehör
2026-09-05T17:19:17+00:00,3504530216,switch_oled,210,gebraucht,0,02625 Bautzen,Nintendo Switch OLED
2026-09-05T17:19:17+00:00,3504529902,switch,100,gebraucht,0,66280 Sulzbach (Saar),Nintendo Switch Konsole mit Joy-Cons (blau/gelb)
2026-09-05T17:22:32+00:00,3504533607,ps5_disc,800,gebraucht,1,27299 Langwedel,Sony PlayStation 5 Disc Konsole mit viel Zubehör
2026-09-05T17:22:32+00:00,3504532848,ps5_disc,450,gebraucht,0,70794 Filderstadt,Sony Playstation 5 Ps5 Disc Edition
2026-09-05T17:22:32+00:00,3504531826,ps5_slim,300,neu,1,24937 Flensburg,Sony PlayStation 5 Slim Disc Edition 1TB PS5 + 2 Controller + OVP
2026-09-05T17:22:41+00:00,3504533033,switch_oled,399,gebraucht,2,04463 Großpösna,Nintendo Switch OLED Komplettpaket + 8 Spiele + Ring Fit + Zubehö
2026-09-05T17:22:45+00:00,3504532556,xbox_series_x,699,gebraucht,1,65510 Idstein,XBOX Series X 1TB + 1TB extra + 2 Controller + Headset
2026-09-05T17:25:56+00:00,3504537058,ps5_disc,399,gebraucht,0,59067 Hamm,PlayStation 5 Disc Edition mit Controller nur Abholung heute
2026-09-05T17:25:56+00:00,3504535457,ps5_disc,499,neu,0,13156 Pankow,PS5 Limited Edition Marvel’s Spider-Man 2 Bundle – Wie neu / OVP
2026-09-05T17:25:56+00:00,3504534861,ps5_pro,550,neu,0,72070 Tübingen,Sony PlayStation 5 Pro 2TB Digital Weiß — NEU & OVP
2026-09-05T17:25:58+00:00,3504536278,switch,215,gebraucht,1,24107 Suchsdorf,Nintendo Switch Konsole mit Spielen und Zubehör
2026-09-05T17:25:58+00:00,3504535558,switch,155,gebraucht,0,30827 Garbsen,Nintendo Switch Konsole mit Neon-Joy-Cons
2026-09-05T17:29:09+00:00,3504527638,ps5_disc,360,gebraucht,0,26386 Wilhelmshaven,PlayStation 5 + 1 Controller
2026-09-05T17:29:09+00:00,3504539882,ps5_disc,350,gebraucht,0,59368 Werne,PS5 Standart-Edition (825GB)+1x Controller
2026-09-05T17:29:11+00:00,3504538426,switch_lite,160,gebraucht,0,28237 Gröpelingen,Nintendo Switch lite grau
2026-09-05T17:32:20+00:00,3504543153,ps5_slim,450,gebraucht,1,56242 Selters,playstation 5 slim
2026-09-05T17:32:20+00:00,3504542076,ps5_disc,550,gebraucht,0,87437 Kempten,PS5 Limited Edition Spider-Man 2 Bundle + JBL Headset & Spiele
2026-09-05T17:32:24+00:00,3504540715,switch,120,gebraucht,0,41061 Mönchengladbach,Nintendo Switch
2026-09-05T17:32:27+00:00,3504541778,xbox_series_x,550,gebraucht,1,52355 Düren,Xbox Series x mit elite Controller
2026-09-05T17:35:34+00:00,3504545888,ps5_disc,450,neu,1,12683 Biesdorf,PS5 wie neu mit 2 Controllern
2026-09-05T17:35:34+00:00,3504545079,ps5_slim,380,gebraucht,0,57271 Hilchenbach,PS5 Slim 1TB mit ein Controller
2026-09-05T17:35:36+00:00,3504545873,switch,249,gebraucht,1,06449 Aschersleben,Nintendo Switch Sports Set – Konsole + Zubehör
2026-09-05T17:35:36+00:00,3504545389,switch,180,neu,0,99734 Nordhausen,Nintendo Switch Konsole - 1. Generation - Komplett mit OVP
2026-09-05T17:35:36+00:00,3504545057,switch,220,gebraucht,0,37345 Großbodungen,Nintendo Switch 1 mit Zubehör und SD Karte
2026-09-05T17:35:36+00:00,3504543976,switch,220,gebraucht,0,40229 Eller,Nintendo Switch mit Zubehör
2026-09-05T17:38:56+00:00,3504548728,switch_oled,240,neu,0,73730 Esslingen,Nintendo Switch Oled
2026-09-06T13:43:29+00:00,3505346668,ps5_disc,500,gebraucht,0,41466 Neuss,PlayStation 5
2026-09-06T13:43:29+00:00,3504609405,ps5_digital,625,neu,0,54349 Trittenheim,Playstation 5 Slim digital edition mit Ea FC 26 Originalverpackt
2026-09-06T13:43:29+00:00,3505343455,ps5_pro,1000,gebraucht,0,96450 Coburg,Sony PlayStation 5 Pro 2TB Konsole mit Controller
2026-09-06T13:43:29+00:00,3505342791,ps5_digital,200,gebraucht,0,12627 Hellersdorf,PlayStation 5 digital (Fehler)
2026-09-06T13:43:29+00:00,3505341020,ps5_disc,450,gebraucht,0,63128 Dietzenbach,Ps5 mit disc
2026-09-06T13:43:29+00:00,3505340849,ps5_pro,580,gebraucht,1,65936 Sossenheim,Sony PlayStation 5 Pro mit 2 Controllern + HyperX Cloud 3
2026-09-06T13:43:29+00:00,3505338909,ps5_digital,440,gebraucht,0,38165 Lehre,PS5 Digital Edition - Modell CFI-1016B
2026-09-06T13:43:29+00:00,3505337626,ps5_disc,400,gebraucht,0,47804 Krefeld,PlayStation 5 mit Laufwerk
2026-09-06T13:43:29+00:00,3505334709,ps5_disc,500,neu,0,24992 Jörl,PlayStation 5 mit OVP und Controller
2026-09-06T13:43:29+00:00,3505334631,ps5_disc,400,gebraucht,1,42719 Solingen,ps5 1 Terrabyte
2026-09-06T13:43:29+00:00,3505333934,ps5_disc,450,gebraucht,0,46117 Oberhausen,PlayStation 5 Disc + Controller + Kabel Sony ps 5
2026-09-06T13:43:29+00:00,3505333242,ps4_pro,150,gebraucht,0,41068 Mönchengladbach,PlayStation 4 Pro Konsole 1TB mit weißem Controller
2026-09-06T13:43:29+00:00,3505332458,ps5_disc,550,gebraucht,1,26135 Oldenburg,PlayStation 5 mit LAUFWERK 2 Controller
2026-09-06T13:43:29+00:00,3505321704,ps5_disc,480,gebraucht,1,42283 Barmen,PlayStation 5 Disk PS5 Edition 500GB mit 3 Spielen & 1 Controller
2026-09-06T13:43:29+00:00,3505321282,ps5_disc,475,gebraucht,1,81549 Obergiesing,PlayStation 5 Konsole mit 2 Controllern
2026-09-06T13:43:29+00:00,3505321270,ps5_slim,500,gebraucht,0,78464 Konstanz,Ps5 slim disk
2026-09-06T13:43:29+00:00,3505320364,ps5_pro,509,neu,0,49716 Meppen,PlayStation 5 PS5 Pro 2 TB+ Disc Laufwerk + OVP + Controller
2026-09-06T13:43:29+00:00,3505316224,ps5_digital,459,gebraucht,0,36304 Alsfeld,PlayStation 5 PS5 Digital Slim Version 1TB voll funktionsfähig
2026-09-06T13:43:29+00:00,3504604395,ps5_disc,575,gebraucht,0,45356 Essen-Borbeck,Ps5 guter Zustand ohne Defekts
2026-09-06T13:43:29+00:00,3505312676,ps5_disc,699,gebraucht,1,10709 Wilmersdorf,"ps 5 mit 4 spielen,2 tb speicher,2 x controler"
2026-09-06T13:43:46+00:00,3505341205,switch_oled,220,gebraucht,0,04315 Neustadt-Neuschönefeld,Nintendo Nintendo Switch OLED Splatoon 3 Special Edition
2026-09-06T13:43:46+00:00,3505340143,switch_oled,200,gebraucht,0,17111 Beggerow,2x Nintendo Switch OLED
2026-09-06T13:43:46+00:00,3505339348,switch,300,gebraucht,3,94227 Zwiesel,"Nintendo Switch v2 Set mit 13 Spielen, Pro Controller & Zubehör"
2026-09-06T13:43:46+00:00,3505337758,switch2,280,gebraucht,3,25821 Bredstedt,Nintendo Switch 2 + 5 Spiele + 3 Controller
2026-09-06T13:43:46+00:00,3505337601,switch,250,gebraucht,0,70327 Untertürkheim,Nintendo Switch
2026-09-06T13:43:46+00:00,3505337254,switch2,430,gebraucht,1,24784 Westerrönfeld,Nintendo Switch 2 + Pro 2 Controller
2026-09-06T13:43:46+00:00,3505334035,switch_oled,200,gebraucht,1,88161 Lindenberg im Allgäu,Nintendo Switch OLED
2026-09-06T13:43:46+00:00,3505330070,switch,450,gebraucht,0,24643 Struvenhütten,Nintendo Switch Konsole mit 4 Pokémon Spielen & Zubehör
2026-09-06T13:43:46+00:00,3505328667,switch2,420,neu,0,38259 Salzgitter,"Nintendo Switch 2 , Neu versiegelt + Pokemon ZA Legenden"
2026-09-06T13:43:46+00:00,3505327518,switch2,350,neu,0,40699 Erkrath,Nintendo Switch 2 wie neu
2026-09-06T13:43:46+00:00,3505326051,switch_oled,220,gebraucht,0,96450 Coburg,Nintendo OLED Switch mit Sternen Skin
2026-09-06T13:43:46+00:00,3505325083,switch_oled,200,gebraucht,0,74372 Sersheim,Nintendo Switch Oled
2026-09-06T13:43:46+00:00,3505322976,switch,289,gebraucht,0,10115 Wedding,Nintendo Switch mit modchip
2026-09-06T13:43:46+00:00,3505321268,switch_oled,349,neu,0,59757 Arnsberg,Nintendo Switch OLED Splatoon 3 Edition wie neu mit Zubehör
2026-09-06T13:43:46+00:00,3505318152,switch,179,gebraucht,0,21266 Jesteburg,Nintendo Switch
2026-09-06T13:43:46+00:00,3505317958,switch_oled,135,gebraucht,0,44309 Neuasseln,Nintendo Switch 1 kein Oled
2026-09-06T13:43:46+00:00,3505317472,switch_oled,250,gebraucht,0,98596 Trusetal,Nintendo switch oled
2026-09-06T13:43:46+00:00,3505313926,switch,225,gebraucht,1,75339 Höfen,Nintendo Switch Konsole mit 4 Spielen und Zubehör
2026-09-06T13:43:46+00:00,3505305111,switch,200,gebraucht,0,83075 Bad Feilnbach,Nintendo Switch Konsole mit Ring Fit Adventure & 2 Spielen
2026-09-06T13:43:46+00:00,3505303350,switch_oled,189,gebraucht,0,68167 Mannheim,Nintendo Switch OLED Rot/Blau + 2 Dockingstationen – sehr guter Z
2026-09-06T13:43:46+00:00,3505302364,switch2,400,neu,0,50389 Wesseling,Nintendo Switch 2
2026-09-06T13:43:46+00:00,3505301689,switch,195,gebraucht,0,36280 Oberaula,Nintendo Switch mit 2 Spielen
2026-09-06T13:43:50+00:00,3505335430,xbox_series_s,250,gebraucht,0,49626 Bippen,Xbox Series S
2026-09-06T13:43:50+00:00,3505327017,xbox_series_s,219,neu,0,90518 Altdorf bei Nürnberg,"Xbox Series S (inkl. Controller, High Speed HDMI Kabel, OVP)"
2026-09-06T13:43:50+00:00,3505324713,xbox_series_x,500,neu,0,35630 Ehringshausen,Xbox Series X 1TB | Top Zustand | OVP + Controller + Kabel
2026-09-06T13:43:50+00:00,3505313701,xbox_series_s,200,gebraucht,0,53881 Euskirchen,Microsoft Xbox Series S Konsole weiß
2026-09-06T13:43:50+00:00,3505304289,xbox_series_s,130,gebraucht,0,45884 Gelsenkirchen,Xbox Series S
2026-09-06T13:43:50+00:00,3505294547,xbox_series_x,600,gebraucht,2,22111 Hamburg Billstedt,Xbox Series X 1TB mit Controller und 8 Spielen
2026-09-06T13:43:50+00:00,3505282122,xbox_series_x,270,gebraucht,1,18565 Vitte,Xbox Series X + 5 Spiele + Controller
2026-09-06T13:43:50+00:00,3505264147,xbox_series_s,250,neu,0,79115 Freiburg im Breisgau,Xbox series s wie neu
2026-09-06T13:43:50+00:00,3505264003,xbox_series_s,220,gebraucht,0,50181 Bedburg,Xbox Series S 512 GB + Turtle Beach Controller
2026-09-06T13:43:50+00:00,3505260489,xbox_series_s,250,neu,0,79115 Freiburg im Breisgau,xbox series s Zustand einwandfrei
2026-09-06T13:43:50+00:00,3505249275,xbox_series_x,320,gebraucht,0,18375 Prerow,Xbox serie X 1TB
2026-09-06T13:43:50+00:00,3505240945,xbox_series_x,775,gebraucht,0,47589 Uedem,Xbox Series X 1 TB Top plus 2TB Erweiterung und Zubehör !!
2026-09-06T13:43:50+00:00,3505224506,xbox_series_s,290,neu,0,76756 Bellheim,Microsoft XBOX Series S
2026-09-06T13:43:50+00:00,3505220078,xbox_series_s,149,gebraucht,0,21109 Hamburg Wilhelmsburg,Xbox Series S 512GB + Controller und mit Rechnung
2026-09-06T13:43:50+00:00,3505217663,xbox_series_x,590,gebraucht,1,12247 Steglitz,"Xbox Series X 1TB Bundle mit 2 Controllern, Headset & 2 Spielen"
2026-09-06T13:43:50+00:00,3505185178,xbox_series_x,549,gebraucht,0,42119 Elberfeld,Xbox Series X
2026-09-06T13:43:58+00:00,3505335360,steamdeck,300,gebraucht,0,50997 Godorf,Steam Deck LCD 256GB
2026-09-06T13:43:58+00:00,3505322936,steamdeck,290,neu,0,44267 Benninghofen-Loh,Steam Deck LCD 256GB | Wie neu | Case | Festpreis 290€
2026-09-06T13:43:58+00:00,3505293410,steamdeck_oled,549,neu,0,34414 Warburg,Steam Deck OLED * 512 GB * OVP * TOP
2026-09-06T13:43:58+00:00,3505227940,steamdeck,510,gebraucht,0,82024 Taufkirchen,Steam Deck LCD mit 1TB SD Karte
2026-09-06T13:43:58+00:00,3505157621,steamdeck,400,gebraucht,0,04229 Schleußig,Steam Deck Konsole inkl. Case
2026-09-06T13:43:58+00:00,3504918114,steamdeck,349,gebraucht,0,85221 Dachau,"Steam Deck LCD 64GB + Samsung SD 512GB, Akku 98%, Top Zustand"
2026-09-06T13:43:58+00:00,3504857213,steamdeck_oled,550,gebraucht,0,58791 Werdohl,Steam Deck OLED 512GB - mit Zubehör vom 1TB Bundle
2026-09-06T13:43:58+00:00,3504846198,steamdeck_oled,600,gebraucht,0,96450 Coburg,Steam Deck Oled 512gb
2026-09-06T13:43:58+00:00,3504764123,steamdeck_oled,350,gebraucht,0,25826 Sankt Peter-Ording,Steam Deck OLED 1TB (5 Monat alt) Konsole
2026-09-06T13:43:58+00:00,3504600686,steamdeck_oled,478,gebraucht,0,34289 Zierenberg,Steam Deck OLED 512 GB – sehr guter Zustand
2026-09-06T13:43:58+00:00,3504696834,steamdeck_oled,490,gebraucht,0,19348 Perleberg,Steam Deck OLED 512gb
2026-09-06T13:43:58+00:00,3504679709,steamdeck,500,gebraucht,0,01099 Äußere Neustadt,Steam Deck LCD 1 TB – mit dbrand Killswitch & Zubehör
2026-09-06T13:43:58+00:00,3504620034,steamdeck_oled,360,gebraucht,0,85622 Feldkirchen,Steam Deck OLED 512GB mit Dock - Top Zustand
2026-09-06T13:43:58+00:00,3504557937,steamdeck,400,gebraucht,0,72336 Balingen,Steam Deck - Dual boot - Windows + Steam Os - 256gb + 512 GB SD
2026-09-06T13:47:11+00:00,3505349225,ps5_slim,550,gebraucht,0,09116 Rottluff,Ps 5 Slim Fortnite edition mit Laufwerk
2026-09-06T13:47:11+00:00,3505348128,ps5_disc,400,gebraucht,0,12279 Marienfelde,Sony PlayStation 5 Disc Edition 1TB Konsole
2026-09-06T13:47:21+00:00,3505352834,switch,80,gebraucht,0,04680 Colditz,Nintendo Switch Plus Mario Cart
2026-09-06T13:47:21+00:00,3505351929,switch,180,gebraucht,0,13189 Pankow,Nintendo Switch Generation 1 (unpatched)
2026-09-06T13:47:21+00:00,3505351681,switch,200,gebraucht,0,99718 Greußen,Nintendo Switch Let's Go Pikachu Edition mit viel Zubehör
2026-09-06T13:47:21+00:00,3505351630,switch,220,gebraucht,0,55246 Mainz-Kostheim,Nintendo Switch mit Zubehör
2026-09-06T13:47:21+00:00,3505350167,switch_oled,239,neu,0,59269 Beckum,"Nintendo Switch OLED, Konsole, + 2 Spiele, 1a Zustand, in Weiss"
2026-09-06T13:47:23+00:00,3505348379,xbox_series_x,470,gebraucht,2,79774 Albbruck,Xbox Series X
2026-09-06T13:50:29+00:00,3505355520,ps5_disc,550,gebraucht,1,44328 Scharnhorst,Ps5 Disc Edition mit 2 Controller
2026-09-06T13:50:29+00:00,3505353376,ps5_digital,430,gebraucht,0,40699 Erkrath,Playstation 5 Slim Digital  w
2026-09-06T13:50:32+00:00,3505357274,switch,100,gebraucht,0,49393 Lohne (Oldenburg),Nintendo Switch Konsole mit blauem Joy-Con
2026-09-06T13:50:32+00:00,3505354969,switch,160,gebraucht,0,66280 Sulzbach (Saar),Nintendo Switch inkl alles | GERPÜFT & GEREINIGT ✅
2026-09-06T13:50:32+00:00,3505351179,switch_oled,270,gebraucht,0,80799 Schwabing-West,Nintendo Switch OLED Mario Red Edition - mit Mariokart 8
2026-09-06T13:50:43+00:00,3505354393,xbox_series_x,540,gebraucht,0,17217 Penzlin,Xbox Series x 1 Jahr alt mit Garantie und original Karton
2026-09-06T13:50:43+00:00,3505353184,xbox_series_x,550,neu,0,31180 Giesen,Xbox Series X 1TB Konsole mit Controller und OVP
2026-09-06T13:53:48+00:00,3505361605,ps5_disc,530,neu,0,50733 Nippes,PlayStation 5 mit Laufwerk + OVP
2026-09-06T13:53:48+00:00,3505360832,ps5_slim,420,neu,1,94036 Passau,Sony PlayStation 5 Slim Disc Edition 1TB PS5 + 2 Controller + OVP
2026-09-06T13:53:48+00:00,3505360663,ps5_digital,300,gebraucht,0,66687 Wadern,Playstation 5 slime Digital
2026-09-06T13:53:50+00:00,3505362179,switch,400,neu,0,30926 Seelze,Nintendo Switch Konsole: Animal Crossing Edition Neu Ungeöffnet
2026-09-06T13:53:50+00:00,3505361423,switch_oled,200,neu,1,12279 Marienfelde,Nintendo Switch OLED  // Zustand - Sehr Gut
2026-09-06T13:53:50+00:00,3505360841,switch2,550,neu,1,41542 Dormagen,Nintendo Switch 2 OVP mit 5 Spielen
2026-09-06T13:53:50+00:00,3505360780,switch,145,gebraucht,0,42277 Oberbarmen,Nintendo Switch
2026-09-06T13:53:50+00:00,3505358667,switch,150,gebraucht,0,52355 Düren,Nintendo Switch Konsole mit blau-gelben Joy-Cons
2026-09-06T13:53:50+00:00,3505358355,switch_oled,200,gebraucht,0,28277 Kattenturm,nintendo switch oled
2026-09-06T13:53:54+00:00,3505359141,xbox_series_s,250,gebraucht,3,56575 Weißenthurm,Xbox-series s mit 3 Controllern(zwei normal eine elite 2 + 1Tb
2026-09-06T13:57:07+00:00,3505366413,ps5_disc,500,neu,0,45711 Datteln,Sony PlayStation 5 Konsole mit Controller und OVP
2026-09-06T13:57:07+00:00,3505365723,ps5_disc,320,gebraucht,0,59755 Arnsberg,Playstation 5  Ps5 VR2 Brille mit Spiel – sehr guter Zustand
2026-09-06T13:57:07+00:00,3505364751,ps5_disc,410,gebraucht,0,06618 Naumburg (Saale),Sony PlayStation 5 1TB Konsole mit Controller
2026-09-06T13:57:10+00:00,3505367539,switch2,375,gebraucht,0,49424 Goldenstedt,Nintendo Switch 2 Konsole
2026-09-06T13:57:10+00:00,3505366096,switch,230,gebraucht,1,66346 Püttlingen,Nintendo Switch mit Zubehör und 4 Spielen
2026-09-06T14:00:26+00:00,3505330804,ps5_digital,500,gebraucht,0,38126 Braunschweig,PlayStation 5-Digital Edition mit God of War
2026-09-06T14:00:26+00:00,3504625281,ps5_pro,765,neu,0,86343 Königsbrunn,Ps5 Pro Neu
2026-09-06T14:00:26+00:00,3505371083,ps5_disc,550,gebraucht,1,55257 Budenheim,PS5 disc 2 Controller
2026-09-06T14:00:26+00:00,3505369725,ps5_pro,1100,neu,0,12279 Marienfelde,"Ps5 pro + Zubehör (Dockingstation, Controller..) - Zustand - neu!"
2026-09-06T14:00:37+00:00,3504388255,switch2,350,gebraucht,0,31535 Neustadt am Rübenberge,Nintendo Switch 2 Konsole - 256GB + Docking Station
2026-09-06T14:00:37+00:00,3505371600,switch_oled,280,neu,0,27442 Gnarrenburg,Nintendo Switch OLED
2026-09-06T14:00:37+00:00,3505370380,switch,130,gebraucht,0,22337 Hamburg Ohlsdorf,Nintendo Switch Konsole mit Zubehör und Tasche
2026-09-06T14:00:37+00:00,3505369206,switch,170,gebraucht,1,01187 Dresden-Plauen,"Nintendo Switch V2 komplett + Zelda-Koffer, top Set"
2026-09-06T14:00:37+00:00,3505368198,switch_lite,215,gebraucht,0,93482 Pemfling,Nintendo Switch lite mit vielen Spielen
2026-09-06T14:00:40+00:00,3505372532,xbox_series_s,225,gebraucht,0,31089 Duingen,Xbox S 512 GB + 1 Controller
2026-09-06T14:00:40+00:00,3505371583,xbox_series_x,459,neu,0,41836 Hückelhoven,Xbox Series X 1 TB + Controller + OVP – sehr guter Zustand
2026-09-06T14:03:46+00:00,3505377161,ps5_disc,450,gebraucht,0,84034 Landshut,Verkaufe PS5 mit OVO
2026-09-06T14:03:46+00:00,3505375341,ps5_digital,470,neu,1,76887 Bad Bergzabern,Ps5 Digital edition mit Battletron Controller+ 3 Spiele im system
2026-09-06T14:03:46+00:00,3505375260,ps5_disc,350,gebraucht,0,38106 Braunschweig,PlayStation 5 Disc Edition
2026-09-06T14:03:48+00:00,3505375474,switch,150,gebraucht,0,76287 Rheinstetten,Nintendo Switch 1 mit Zubehör
2026-09-06T14:03:48+00:00,3505375432,switch,300,gebraucht,0,74078 Kirchhausen,Nintendo Switch (2020) mit Ring fit und 2 weiteren Spielen
2026-09-06T14:03:48+00:00,3505374529,switch,170,gebraucht,0,89597 Munderkingen,Nintendo Switch Konsole mit Ring Fit Adventure & Spiel
2026-09-06T14:03:48+00:00,3505373195,switch,300,gebraucht,0,50999 Sürth,Nintendo Switch Konsole mit 2 Spielen
2026-09-06T14:03:59+00:00,3505373325,xbox_series_x,350,gebraucht,0,30952 Ronnenberg,Xbox Series X Konsole mit 2 TB Speicher und Controller
2026-09-06T14:07:04+00:00,3505380985,ps5_disc,470,gebraucht,0,25813 Husum,Ps5 1TB Speicher
2026-09-06T14:07:04+00:00,3505379062,ps5_slim,280,gebraucht,1,99834 Gerstungen,PS5 Sony Playstation 5 Disk slim Version 2 Controller Bundle
2026-09-06T14:07:14+00:00,3505382557,switch,300,gebraucht,2,94110 Wegscheid,Verkaufe eine Nintendo Switch Gesamtpaket
2026-09-06T14:07:14+00:00,3505381918,switch,300,gebraucht,2,94110 Wegscheid,Verkaufe eine Nintendo Switch Gesamtpaket
2026-09-06T14:07:14+00:00,3505381879,switch,129,gebraucht,0,13587 Spandau,Nintendo Switch mit komplettem Zubehör
2026-09-06T14:07:14+00:00,3505381585,switch,250,gebraucht,0,17109 Demmin,Nintendo Switch komplett Set zu verkaufen
2026-09-06T14:10:38+00:00,3505387356,ps5_digital,400,gebraucht,0,16727 Oberkrämer,PlayStation 5 Digital Edition Konsole mit 1 Controller
2026-09-06T14:10:38+00:00,3505387267,ps5_slim_digital,500,gebraucht,0,45711 Datteln,PS5 Slim 825GB Digital Version
2026-09-06T14:10:41+00:00,3505387322,switch,120,gebraucht,0,24994 Weesby,Nintendo Switch
2026-09-06T14:10:41+00:00,3505385242,switch,250,gebraucht,0,28259 Mittelshuchting,Nintendo Switch mit viel Zubehör
2026-09-06T14:10:41+00:00,3505383983,switch,300,gebraucht,2,94110 Wegscheid,Verkaufe eine Nintendo Switch Gesamtpaket
2026-09-06T14:10:41+00:00,3505383145,switch,135,gebraucht,0,67227 Frankenthal (Pfalz),"Nintendo Switch V2 inkl. Joy-Cons, Dockingstation & Netzteil"
2026-09-06T14:10:44+00:00,3505387628,xbox_series_s,180,gebraucht,0,49661 Cloppenburg,Xbox Series s
2026-09-06T14:13:59+00:00,3505391911,ps5_slim,350,neu,2,24937 Flensburg,Sony PlayStation 5 Slim Disc Edition 1TB + 2 Controller + 3 Spiel
2026-09-06T14:13:59+00:00,3505389705,ps5_disc,500,gebraucht,0,45470 Mülheim (Ruhr),Sony PlayStation 5 Konsole
2026-09-06T14:17:24+00:00,3505398091,xbox_series_s,350,neu,0,74706 Osterburken,Microsoft Xbox Series S 512 GB weiß mit Controller und OVP
2026-09-06T14:20:30+00:00,3505400262,ps5_disc,550,neu,1,14806 Bad Belzig,PlayStation 5
2026-09-06T14:20:33+00:00,3505400191,switch,120,gebraucht,0,76359 Marxzell,Nintendo switch
2026-09-06T14:20:36+00:00,3505398722,xbox_series_x,620,neu,0,41836 Hückelhoven,Xbox Series x 1TB + Controller + OVP - sehr guter Zustand
2026-09-06T14:23:43+00:00,3505403265,ps5_disc,450,gebraucht,2,41540 Dormagen,PS5 1TB Disc + 2 Controller + 4 Spiele + Ladest. – 450 €
2026-09-06T14:23:45+00:00,3505407086,switch,200,gebraucht,0,35043 Marburg,Nintendo switch
2026-09-06T14:23:45+00:00,3505406084,switch,170,gebraucht,0,13587 Spandau,Nintendo Switch Konsole - Neon-Rot/Neon-Blau/Grau TOP Zustand
2026-09-06T14:23:48+00:00,3505404633,xbox_series_x,699,gebraucht,0,52080 Aachen-Haaren,Xbox Series X Digital Edition
2026-09-06T14:27:09+00:00,3496556292,ps5_disc,490,gebraucht,0,80639 Neuhausen,PlayStation 5 Disc Edition 825 GB – CFI-1016A
2026-09-06T14:27:09+00:00,3505409509,ps5_disc,250,gebraucht,0,49074 Osnabrück,Kaputte PS5 Disc Edition
2026-09-06T14:27:15+00:00,3505411801,switch,125,neu,0,49740 Haselünne,Nintendo Switch OVP inkl. Zubehör Schutzfolie
2026-09-06T14:27:15+00:00,3505411175,switch,95,gebraucht,0,63820 Elsenfeld,Nintendo Switch
2026-09-06T14:27:15+00:00,3505409032,switch_lite,110,gebraucht,0,57223 Kreuztal,Nintendo Switch Lite mit Schutztasche
2026-09-06T14:27:18+00:00,3505411683,xbox_series_s,270,neu,0,41812 Erkelenz,Xbox Series S 512GB weiß + OVP + Controller – top Zustand
2026-09-06T14:30:37+00:00,3505418138,switch_oled,190,gebraucht,0,36088 Hünfeld,Nintendo Switch OLED
2026-09-06T14:30:49+00:00,3505417747,steamdeck_oled,599,gebraucht,0,47809 Krefeld,"Steam Deck OLED 512 GB – Neuwertig, Restgarantie + Anker Dock"
2026-09-06T14:30:49+00:00,3505417057,steamdeck_oled,599,gebraucht,0,47809 Krefeld,"Steam Deck OLED 512 GB – Neuwertig, Restgarantie + Anker Dock"
2026-09-06T17:07:47+00:00,3505631736,ps5_disc,400,gebraucht,4,50933 Braunsfeld,PS5 mit zwei Controller und 9 Spielen
2026-09-06T17:07:47+00:00,3505629490,ps5_slim,280,gebraucht,1,37154 Northeim,SONY PS5 Slim mit Laufwerk +2 Controller
2026-09-06T17:07:47+00:00,3505628349,ps5_slim,650,gebraucht,0,10367 Lichtenberg,"PS5 Slim mit Laufwerk,  1TB  und eine SSD 1TB Festeplatte"
2026-09-06T17:07:47+00:00,3505623272,ps5_disc,470,gebraucht,0,23970 Wismar,Sony PlayStation 5 Konsole mit Controller und Ladestation
2026-09-06T17:07:47+00:00,3505622597,ps5_disc,399,neu,0,53332 Bornheim,PLAYSTATION 5 DISK ✅ WIE NEU ✅
2026-09-06T17:07:47+00:00,3505619079,ps5_pro,500,neu,0,25946 Nebel,"PlayStation 5 Pro - Inkl. Laufwerk, OVP und Beleg vom 07.01.26"
2026-09-06T17:07:47+00:00,3505614569,ps5_pro,400,gebraucht,2,44289 Lichtendorf,"***PS5 Pro 2TB Konsole + 2 Controller, Disc Laufwerk***"
2026-09-06T17:07:47+00:00,3505613954,ps5_disc,350,gebraucht,0,26123 Oldenburg,"Playstation 5, 1TB"
2026-09-06T17:07:47+00:00,3505611928,ps5_disc,550,gebraucht,0,95100 Selb,Sony PlayStation 5 PS5 Disc Version Edition Top Zustand
2026-09-06T17:07:47+00:00,3505611836,ps5_disc,325,gebraucht,0,58454 Witten,Playstation 5
2026-09-06T17:07:47+00:00,3505611341,ps5_pro,900,neu,0,23554 St. Lorenz Nord,Ps5 Pro ovp
2026-09-06T17:07:47+00:00,3505611104,ps5_disc,550,gebraucht,0,01069 Innere Altstadt,PS5 + CONTROLLER + SPIELE
2026-09-06T17:07:47+00:00,3505607684,ps5_disc,449,gebraucht,0,01896 Lichtenberg,Sony PlayStation 5 PS5 Disc Edition 825 GB + Controller
2026-09-06T17:07:47+00:00,3505604892,ps5_disc,450,neu,0,64295 Darmstadt,PlayStation 5 (PS5) Disc Version
2026-09-06T17:07:47+00:00,3505601966,ps5_pro,1000,neu,0,64546 Mörfelden-Walldorf,PlayStation 5 Pro (PS5 Pro) 2TB – Wie neu
2026-09-06T17:07:47+00:00,3505598674,ps5_digital,450,gebraucht,0,22547 Hamburg Lurup,PS 5 digital Edition
2026-09-06T17:08:08+00:00,3505629233,switch,350,neu,0,32423 Minden,Nintendo Switch Konsole in OVP
2026-09-06T17:08:08+00:00,3505629185,switch2,375,neu,0,10405 Prenzlauer Berg,Nintendo Switch 2 + 2 Spiele *wie neu* mit Rechnung
2026-09-06T17:08:08+00:00,3505627769,switch,190,neu,0,73431 Aalen,Nintendo Switch
2026-09-06T17:08:08+00:00,3505625867,switch_lite,99,gebraucht,0,48231 Warendorf,Nintendo Switch Lite mit asche & Orginal Verpackung(Top Zustand)
2026-09-06T17:08:08+00:00,3505625834,switch_lite,120,neu,0,49716 Meppen,Nintendo Switch Lite - Grau
2026-09-06T17:08:08+00:00,3505623589,switch,140,gebraucht,0,51399 Burscheid,Nintendo Switch V2 - CFW fähig⭐️
2026-09-06T17:08:08+00:00,3505623395,switch_oled,220,gebraucht,0,76199 Karlsruhe,Nintendo Switch OLED
2026-09-06T17:08:08+00:00,3505622154,switch_oled,230,neu,1,27308 Kirchlinteln,Nintendo Switch Oled mit Controller und spielen
2026-09-06T17:08:08+00:00,3505618832,switch_oled,250,gebraucht,0,36199 Rotenburg,Nintendo Switch OLED weiß mit Pro Controller und Tasche
2026-09-06T17:08:08+00:00,3505618150,switch,170,gebraucht,0,39359 Rätzlingen bei Haldensleben,verkaufe eine Nintendo Switch
2026-09-06T17:08:08+00:00,3505617060,switch2,499,neu,3,69168 Wiesloch,Nintendo Switch 2 Komplettpaket + 10 Spiele + Zubehör + OVP
2026-09-06T17:08:08+00:00,3505615042,switch,300,neu,0,79809 Weilheim,Nintendo Switch
2026-09-06T17:08:08+00:00,3505611023,switch_lite,100,neu,0,46397 Bocholt,Nintendo Switch lite Türkis
2026-09-06T17:08:08+00:00,3505608155,switch,180,neu,0,38446 Wolfsburg,Nintendo Switch 1
2026-09-06T17:08:08+00:00,3505606585,switch_lite,99,gebraucht,0,68169 Mannheim,Nintendo Switch Lite mit Silikonhülle und Kabel
2026-09-06T17:08:08+00:00,3505604141,switch_lite,100,neu,0,52428 Jülich,Nintendo Switch Lite
2026-09-06T17:08:08+00:00,3505603743,switch_lite,50,gebraucht,0,57080 Siegen,Nintendo Switch  Lite.
2026-09-06T17:08:08+00:00,3505600589,switch,450,neu,0,74925 Epfenbach,Nintendo Switch  komplettes Paket WIE NEU
2026-09-06T17:08:08+00:00,3505595294,switch,129,gebraucht,0,21698 Harsefeld,Nintendo Switch
2026-09-06T17:08:11+00:00,3505628644,xbox_series_x,649,gebraucht,1,38640 Goslar,Xbox Series X 1 TB + 2x Elite Series 2 Controller
2026-09-06T17:08:11+00:00,3504837251,xbox_series_x,549,neu,1,38104 Braunschweig,Xbox Series X 1TB + 2 Controller + OVP | Komplett mit Kabeln
2026-09-06T17:08:11+00:00,3505622764,xbox_series_x,580,gebraucht,0,24536 Neumünster,Xbox Series X Konsole mit Controller und 2 Spielen
2026-09-06T17:08:11+00:00,3505622317,xbox_one,150,gebraucht,0,33397 Rietberg,Xbox One S
2026-09-06T17:08:11+00:00,3505618791,xbox_series_s,200,gebraucht,0,82346 Andechs,Xbox Series S - 512 GB SSD
2026-09-06T17:08:11+00:00,3505616077,xbox_series_s,380,neu,0,49716 Meppen,Xbox Series S
2026-09-06T17:08:11+00:00,3505608766,xbox_series_x,550,gebraucht,0,30167 Mitte,"Xbox Series X (Garantie bis Jan 29, Digital Edition, Robot White)"
2026-09-06T17:08:11+00:00,3505599453,xbox_series_x,320,gebraucht,0,18528 Bergen auf Rügen,Xbox Series X Konsole mit Controller
2026-09-06T17:08:11+00:00,3505596672,xbox_series_s,190,gebraucht,0,37077 Göttingen,Xbox Series s 512gb weiß 1 Controller dazu
2026-09-06T17:08:11+00:00,3505595548,xbox_series_s,110,gebraucht,0,90449 Neuröthenbach,Xbox series S
2026-09-06T17:08:11+00:00,3505587139,xbox_series_s,199,gebraucht,1,10245 Friedrichshain,xbox series S  mit 2 controller
2026-09-06T17:08:11+00:00,3505582589,xbox_series_s,190,gebraucht,1,46286 Dorsten,Xbox Series S mit 512 GB SSD und 2 Controllern
2026-09-06T17:08:11+00:00,3505558675,xbox_series_x,750,neu,0,85435 Erding,Xbox Series X Halo Infinite Limited Edition
2026-09-06T17:08:11+00:00,3505547735,xbox_series_s,249,neu,0,31020 Salzhemmendorf,Xbox Series S 512 GB + 2 Original Controller + OVP | Top Zustand
2026-09-06T17:08:11+00:00,3505539615,xbox_series_s,250,gebraucht,0,65479 Raunheim,Xbox Series S mit Zubehör
2026-09-06T17:08:11+00:00,3505534273,xbox_series_s,230,neu,0,26129 Oldenburg,X-Box Series S (512 GB)
2026-09-06T17:08:11+00:00,3505512592,xbox_series_x,450,gebraucht,0,40880 Ratingen,Xbox Series X Halo Limited Edition
2026-09-06T17:08:11+00:00,3505503138,xbox_series_x,580,gebraucht,1,79541 Lörrach,Xbox Series X 1TB + Elite Series 2 Controller + Spiel
2026-09-06T17:08:11+00:00,3505463220,xbox_series_x,290,gebraucht,1,42659 Solingen,Xbox Series X 1TB + 2 Controller + USB-C-Akku
2026-09-06T17:08:20+00:00,3505621929,steamdeck_oled,445,gebraucht,0,76829 Landau in der Pfalz,Steam Deck OLED   512 GB
2026-09-06T17:08:20+00:00,3505597613,steamdeck_oled,320,gebraucht,0,17509 Brünzow,Steam Deck OLED 2TB
2026-09-06T17:08:20+00:00,3505580628,steamdeck_oled,649,neu,0,99734 Nordhausen,Steam Deck OLED 1TB
2026-09-06T17:08:20+00:00,3505505274,steamdeck_oled,590,neu,0,86650 Wemding,Steam Deck OLED 512 GB – wie neu / Top-Zustand
2026-09-06T17:08:20+00:00,3505497342,steamdeck,300,gebraucht,0,53797 Lohmar,Steamdeck 64GB Spielekonsole handheld  steam PC
2026-09-06T17:11:29+00:00,3505633985,ps5_digital,379,gebraucht,0,97776 Eußenheim,PlayStation 5 Digital Edition komm
2026-09-06T17:11:33+00:00,3505636032,switch,200,gebraucht,0,44319 Wickede,Nintendo Switch Konsole mit Zubehör
2026-09-06T17:11:33+00:00,3505634261,switch,215,gebraucht,1,63741 Aschaffenburg,Nintendo Switch Konsole Komplettpaket +4 spiele
2026-09-06T17:14:41+00:00,3504849354,ps5_slim,370,gebraucht,0,44145 Innenstadt-Nord,PS5 Slim Disc Edition 1TB + Controller – sehr guter Zustand
2026-09-06T17:14:44+00:00,3505639978,switch,230,neu,0,13439 Reinickendorf,Nintendo Switch - wie neu mit viel Zubehör
2026-09-06T17:14:44+00:00,3505639811,switch2,400,neu,0,27283 Verden,switch 2 nintendo
2026-09-06T17:14:46+00:00,3505637726,xbox_series_s,295,gebraucht,0,59067 Hamm,Xbox Series S Konsole in Originalverpackung
2026-09-06T17:17:57+00:00,3505642975,switch,210,gebraucht,0,94447 Plattling,Nintendo Switch black
2026-09-06T17:17:57+00:00,3505641794,switch_oled,295,gebraucht,0,69469 Weinheim,Nintendo Switch OLED & Pokémon Leuchtende Perle
2026-09-06T17:17:57+00:00,3505641614,switch_oled,300,neu,0,52249 Eschweiler,Nintendo Switch OLED Weiss wie neu mit OVP Zubehoer und Spielen
2026-09-06T17:18:00+00:00,3505643179,xbox_series_s,210,gebraucht,1,32423 Minden,XBOX Series S + 2 Controller
2026-09-06T17:18:02+00:00,3505643739,steamdeck,380,gebraucht,0,69198 Schriesheim,Steam Deck
2026-09-06T17:21:06+00:00,3505645716,ps5_disc,439,gebraucht,0,52070 Aachen-Mitte,Playstation 5 Disc Edition - Sehr guter Zustand
2026-09-06T17:21:22+00:00,3505646698,steamdeck_oled,325,gebraucht,0,07546 Gera,Valve Steam Deck OLED 512GB
2026-09-06T17:24:35+00:00,3505651891,switch_oled,199,neu,0,45770 Marl,Nintendo Switch OLED | weiß | wie neu mit OVP
2026-09-06T17:24:35+00:00,3505651461,switch_lite,150,gebraucht,0,26683 Saterland,Ich biete eine Nintendo Switch lite
2026-09-06T17:24:35+00:00,3505650876,switch,160,gebraucht,0,81669 Au-Haidhausen,Nintendo Switch
2026-09-06T17:24:35+00:00,3505650849,switch,215,neu,0,68753 Waghäusel,Nintendo Switch OVP + viel Zubehör & Spiele
2026-09-06T17:27:45+00:00,3505654306,ps5_disc,489,neu,0,44143 Mitte,Wie Neu|PlayStation 5 Disc 1TB PS5|Konsole Rechnung| Keine Pro
2026-09-06T17:27:45+00:00,3505653943,ps5_pro,1100,neu,0,47445 Moers,Sony PlayStation 5 Pro - NEU & OVP - Mit Rechnung
2026-09-06T17:27:49+00:00,3505654564,switch,140,gebraucht,0,26123 Oldenburg,Nintendo Switch Konsole mit Dock und Joy-Con Controllern
2026-09-06T17:27:49+00:00,3505651806,switch,229,gebraucht,1,26135 Oldenburg,Nintendo Switch Konsole + Dock + Netzteil + Tasche + 3 Spiele
2026-09-06T17:27:53+00:00,3505654682,xbox_series_s,200,gebraucht,0,86633 Neuburg a.d. Donau,Xbox Series S 500GB mit Controller und Netzkabel
2026-09-06T17:31:25+00:00,3505659782,switch2,530,neu,1,09599 Freiberg,Nintendo Switch 2 Konsole + Pokemon Pokopia und 3 coole Spiele
2026-09-06T17:31:25+00:00,3505658218,switch,250,gebraucht,1,32469 Petershagen,Nintendo Switch 2Konsole mit Ring Fit Adventure & 5 Spielen
2026-09-06T17:31:25+00:00,3504867459,switch,200,gebraucht,0,14913 Jüterbog,Nintendo Switch Version 1.0 + Zubehör
2026-09-06T17:34:42+00:00,3505615346,ps5_disc,620,gebraucht,0,84076 Pfeffenhausen,PS5 Disk Version mit Sony Pulse 3D Kopfhörer
2026-09-06T17:34:42+00:00,3505657995,ps5_slim,550,neu,0,32257 Bünde,Sony PlayStation 5 Slim Disc Edition- 1TB- Fast wie neu
2026-09-06T17:34:42+00:00,3505657949,ps5_disc,650,neu,0,28816 Stuhr,PS5 Spider-Man 2 Limited Edition + Controller + OVP | Sammler
2026-09-06T17:34:42+00:00,3505585951,ps5_disc,480,gebraucht,0,48165 Hiltrup,Ps5 spiderman Edition
2026-09-06T17:34:45+00:00,3505662944,switch,199,gebraucht,0,47495 Rheinberg,"Nintendo Switch mit Spiel, Tasche und Displayschutz"
2026-09-06T17:34:45+00:00,3505660020,switch_lite,100,gebraucht,0,50126 Bergheim,Nintendo switch lite
2026-09-06T17:34:45+00:00,3505659833,switch,149,neu,0,72072 Tübingen,Nintendo Switch V2 Komplettset + OVP + Spiel & Zubehör
2026-09-06T17:37:53+00:00,3505665087,ps5_slim,600,neu,0,30161 Mitte,Sony PlayStation 5 Slim 1TB Disc Edition (white)
2026-09-06T17:37:53+00:00,3505664202,ps5_disc,300,gebraucht,1,72488 Sigmaringen,PlayStation 5 (PS5) 1TB mit 2 Controllern
2026-09-06T17:38:03+00:00,3505666749,switch,119,gebraucht,0,63853 Mömlingen,"Nintendo Switch – voll funktionsfähig, sehr guter Zustand"
2026-09-06T17:38:03+00:00,3505665992,switch_oled,330,gebraucht,0,47798 Krefeld,Mega-Bundle: Nintendo Switch OLED Zelda Edition
2026-09-06T17:38:03+00:00,3505665367,switch,250,gebraucht,0,33602 Bielefeld (Innenstadt),Nintendo Switch + Zubehör
2026-09-06T17:38:06+00:00,3505622162,xbox_series_x,650,gebraucht,0,18437 Stralsund,Xbox Series X Mega bundel
2026-09-06T17:38:10+00:00,3505666324,steamdeck_oled,625,gebraucht,0,96450 Coburg,Steam Deck OLED 512gb
2026-09-06T17:41:13+00:00,3505611206,ps5_disc,400,gebraucht,1,30163 Vahrenwald-List,PlayStation 5 inkl. 2 Controller + 8K-HDMI-Kabel
2026-09-06T17:41:13+00:00,3505668734,ps5_slim,500,neu,0,50259 Pulheim,PlayStation 5 PS5 Slim Disc Edition wie neu OVP & Extras
2026-09-06T17:41:16+00:00,3505670145,switch,250,gebraucht,0,13357 Mitte,Nintendo Switch in weiß
2026-09-06T17:41:16+00:00,3505670009,switch_oled,299,neu,0,13627 Charlottenburg,Nintendo Switch OLED – Weiß – Wie neu – mit Rechnung
2026-09-06T17:41:16+00:00,3505669848,switch_lite,169,gebraucht,1,42283 Barmen,Nintendo Switch Lite mit 3 Spiele ⭐️
2026-09-06T17:41:16+00:00,3505667865,switch_lite,130,gebraucht,0,28359 Horn,Nintendo Switch Lite + 2 Spiele
2026-09-06T17:44:33+00:00,3505673663,ps5_slim_digital,420,gebraucht,1,82362 Weilheim i.OB,Ps5 slim digital mit 2 Controller
2026-09-06T17:44:33+00:00,3504887895,ps5_disc,350,gebraucht,0,40789 Monheim am Rhein,PS5 (Disc Edition) - First Generation
2026-09-06T17:44:33+00:00,3505671061,ps5_disc,400,neu,0,26506 Norden,PlayStation 5 DISC
2026-09-06T17:44:36+00:00,3505674267,switch_oled,280,gebraucht,0,66701 Beckingen,Nintendo Switch Oled
2026-09-06T17:44:36+00:00,3505670925,switch2,420,gebraucht,3,"04109 Leipzig, Zentrum-West",Nintendo Switch 2 - Zubehör
2026-09-06T17:44:36+00:00,3505670645,switch_lite,120,neu,0,50126 Bergheim,Nintendo switch lite
2026-09-06T17:47:52+00:00,3505677029,ps5_pro,550,gebraucht,0,08058 Zwickau,PlayStation 5 Pro Digital 2TB mit Pro Controller
2026-09-06T17:47:55+00:00,3505677611,switch,260,gebraucht,0,44809 Bochum-Mitte,Nintendo Switch Set + Pro Controller + Mario Party + Pokémon
2026-09-06T17:47:55+00:00,3505638221,switch,250,gebraucht,0,52222 Stolberg (Rhld),Nintendo Switch inkl. fifa21
2026-09-06T17:54:15+00:00,3505684382,ps5_disc,550,neu,0,76437 Rastatt,PS5 Disc Edition
2026-09-06T17:54:15+00:00,3505683827,ps5_disc,500,gebraucht,0,71634 Ludwigsburg,"PlayStation 5 mit Laufwerk, Controller und Spielen"
2026-09-06T17:54:15+00:00,3505682922,ps5_pro,1150,gebraucht,0,02797 Oybin,Playstation 5 pro 2TB
2026-09-06T17:54:15+00:00,3505682519,ps5_disc,350,gebraucht,0,34132 Kassel,Ps5 Disc Version
2026-09-06T17:54:17+00:00,3505649687,switch,240,neu,0,45894 Gelsenkirchen,Nintendo Switch Light  Koralle OVP mit 10 Top-Spiele + Tasche
2026-09-06T17:57:25+00:00,3505686672,ps5_disc,650,gebraucht,2,26388 Wilhelmshaven,PS5 Disc Edition+Zubehör (Controller /PS Portal/Spiele )
2026-09-06T17:57:25+00:00,3505685353,ps5_pro,510,neu,0,49716 Meppen,Sony PlayStation 5 Pro PS5 Pro 2 TB weiß Konsole
2026-09-06T17:57:34+00:00,3505688541,switch,199,neu,0,89269 Vöhringen,Nintendo Switch 1 unpatched
2026-09-06T17:57:34+00:00,3505688402,switch_oled,265,neu,0,02797 Oybin,Nintendo Switch OLED mit Pro Controller
2026-09-06T17:57:34+00:00,3505688339,switch,135,gebraucht,0,48231 Warendorf,Nintendo Switch mit Zubehör & Orginal Verpackung
2026-09-06T17:57:34+00:00,3505686801,switch,160,gebraucht,0,13355 Mitte,Nintendo Switch Konsole mit Zubehör
2026-09-06T17:57:34+00:00,3505686612,switch,166,gebraucht,0,09114 Schloßchemnitz,Nitento Switch Konsonle
2026-09-06T17:57:34+00:00,3505686391,switch_oled,199,gebraucht,0,59302 Oelde,Nintendo Switch OLED – Schwarz/Weiß – sehr guter Zustand
2026-09-06T17:57:34+00:00,3505685283,switch2,375,gebraucht,0,15518 Briesen (Mark),Nintendo Switch 2 zu verkaufen nur Abholung
2026-09-12T13:38:06+00:00,3510576663,ps5_disc,550,gebraucht,0,77977 Rust,Sony PlayStation 5 PS5 Disc Edition 1 TB – sehr guter Zustand
2026-09-12T13:38:06+00:00,3510566301,ps5_slim,325,gebraucht,0,42781 Haan,PlayStation PS5 Slim-Konsole (Disc-Edition) 1 TB
2026-09-12T13:38:06+00:00,3510575123,ps5_digital,480,gebraucht,0,71154 Nufringen,PS5 Digital 825GB + 1TB SSD extra + 1 Controller
2026-09-12T13:38:06+00:00,3510574224,ps5_pro,1250,gebraucht,0,63679 Schotten,PlayStation 5 Pro
2026-09-12T13:38:06+00:00,3510573745,ps5_slim_digital,600,neu,0,44388 Lütgendortmund,PS5 Slim Digital + Gaming Monitor WQHD (wie neu)
2026-09-12T13:38:06+00:00,3510572936,ps5_disc,425,neu,0,59077 Hamm,Sony PlayStation 5 Konsole 1TB - Neuwertig in OVP
2026-09-12T13:38:06+00:00,3510568612,ps5_slim,485,gebraucht,0,40699 Erkrath,PlayStation 5 Slim Disc Edition 1 TB *Top Zustand*
2026-09-12T13:38:06+00:00,3510563711,ps5_pro,1000,gebraucht,1,27578 Bremerhaven,PlayStation 5 Pro 2 TB Disc Edition absolut  inkl 2 Controller
2026-09-12T13:38:06+00:00,3510563497,ps5_pro,500,neu,0,72514 Inzigkofen,Sony PlayStation 5 Pro 2TB Digital Weiß — NEU & OVP
2026-09-12T13:38:06+00:00,3510559853,ps5_slim_digital,250,gebraucht,0,84489 Burghausen,PS5 Slim Digital Edition 825GB + 1x Controller
2026-09-12T13:38:06+00:00,3510558257,ps5_disc,170,gebraucht,0,30159 Mitte,Verkaufe PS 5 silm
2026-09-12T13:38:06+00:00,3510557500,ps5_digital,550,gebraucht,0,58093 Hagen,PS5 Digital Edition 825 GB / PlayStation 5 inkl. 2 Spiele
2026-09-12T13:38:06+00:00,3510555146,ps5_disc,325,gebraucht,0,06749 Bitterfeld,PS5 ZU VERKAUFEN! Nur Abholung!
2026-09-12T13:38:23+00:00,3510577245,switch,250,gebraucht,2,54294 Trier,Nintendo Switch Konsole Set mit 8 Spielen & Zubehör
2026-09-12T13:38:23+00:00,3510575413,switch,200,gebraucht,0,74199 Untergruppenbach,Nintendo Switch Fortnite Edition (2019) *Top Zustand *
2026-09-12T13:38:23+00:00,3510575105,switch_lite,110,gebraucht,0,39397 Gröningen,Nintendo Switch lite mit Animal Crossing
2026-09-12T13:38:23+00:00,3510573271,switch,220,gebraucht,0,67361 Freisbach,Nintendo Switch V1 HAC-001 – 1. Generation
2026-09-12T13:38:23+00:00,3510571787,switch,299,gebraucht,1,29574 Ebstorf,Nintendo Switch 1 (V2) Konsole mit 5 Spielen & Zubehör
2026-09-12T13:38:23+00:00,3510571276,switch_oled,200,gebraucht,0,97332 Volkach,Nintendo Switch OLED Modell weiß inkl. Case
2026-09-12T13:38:23+00:00,3510569274,switch,150,gebraucht,0,97520 Röthlein,Nintendo Switch Konsole mit Joy-Cons und Tasche
2026-09-12T13:38:23+00:00,3510568828,switch,210,gebraucht,0,63452 Hanau,Nintendo Switch V2 + 4 Joy-Cons + Pokémon + Zubehör
2026-09-12T13:38:23+00:00,3509627667,switch,200,gebraucht,0,91054 Erlangen,Nintendo Switch
2026-09-12T13:38:23+00:00,3510565782,switch_oled,350,gebraucht,2,67363 Lustadt,Nintendo Switch OLED mit 2 extra Joy-Cons & 6 Spielen
2026-09-12T13:38:23+00:00,3510564958,switch,350,gebraucht,3,31319 Sehnde,Nintendo Switch Zelda Tears of the Kingdom Edition + 11 Spiele
2026-09-12T13:38:23+00:00,3510563472,switch,140,gebraucht,0,45475 Mülheim (Ruhr),Nintendo Switch 1 mit 1 spiel
2026-09-12T13:38:23+00:00,3510560649,switch,119,gebraucht,0,08223 Falkenstein/Vogtland,Nintendo Switch Konsole
2026-09-12T13:38:23+00:00,3510558993,switch,499,gebraucht,3,21481 Lauenburg,Nintendo Switch komplett Packt
2026-09-12T13:38:23+00:00,3510554637,switch,220,gebraucht,0,26556 Westerholt,Nintendo Switch+Zubehör
2026-09-12T13:38:23+00:00,3510553712,switch2,350,neu,0,47574 Goch,Nintendo Switch 2 TOP Zustand
2026-09-12T13:38:23+00:00,3510553059,switch_oled,250,neu,0,47807 Krefeld,Nintendo Switch OLED Konsole mit OVP
2026-09-12T13:38:23+00:00,3510548217,switch,280,gebraucht,0,70806 Kornwestheim,Nintendo switch mit den spielen
2026-09-12T13:38:23+00:00,3510547428,switch,270,gebraucht,1,67098 Bad Dürkheim,Nintendo Switch Konsole mit 4 Spielen und Speicherkarte
2026-09-12T13:38:23+00:00,3510547408,switch,350,neu,0,85253 Erdweg,Nintendo Switch Animal Crossing Edition inkl Mario Kart & JD 2021
2026-09-12T13:38:26+00:00,3510576248,xbox_series_x,260,neu,1,46049 Oberhausen,"Xbox Series X 1TB inkl. 2 Controller, Original-Akku & OVP"
2026-09-12T13:38:26+00:00,3510571074,xbox_series_s,220,gebraucht,0,72070 Tübingen,Xbox Series S zu verkaufen – mit Controller
2026-09-12T13:38:26+00:00,3510561803,xbox_series_x,430,gebraucht,0,65428 Rüsselsheim,Xbox Series X 1TB mit Controller
2026-09-12T13:38:26+00:00,3510550634,xbox_series_x,340,gebraucht,1,26871 Papenburg,Xbox Series X – 2 Controller – 2025
2026-09-12T13:38:26+00:00,3510547136,xbox_series_s,189,gebraucht,1,91315 Höchstadt,Xbox Series S Konsole mit 2 Controllern + Akkus
2026-09-12T13:38:26+00:00,3510542325,xbox_series_s,200,gebraucht,0,42929 Wermelskirchen,Xbox Series s
2026-09-12T13:38:26+00:00,3510539475,xbox_series_s,150,gebraucht,0,58636 Iserlohn,Xbox series s in sehr guten Zustand gesucht
2026-09-12T13:38:26+00:00,3510533509,xbox_series_x,400,gebraucht,1,53567 Asbach,Xbox Series X 1TB
2026-09-12T13:38:26+00:00,3510530329,xbox_series_x,450,neu,0,86836 Untermeitingen,Microsoft Xbox Series X Galaxy Black Special Edition 2TB 4K (NEU)
2026-09-12T13:38:26+00:00,3510521559,xbox_series_x,650,neu,0,28779 Blumenthal,Xbox Series X mit Garantie und Gaming Monitor
2026-09-12T13:38:26+00:00,3510519538,xbox_series_s,230,neu,0,74613 Öhringen,XBOX Series S ; 512 GB ; Inkl.  18 Monate Plus-Garantie u. OVP
2026-09-12T13:38:26+00:00,3510515922,xbox_series_s,200,gebraucht,0,13407 Reinickendorf,X box series
2026-09-12T13:38:26+00:00,3510498726,xbox_series_s,239,gebraucht,0,61250 Usingen,Microsoft Xbox Series S 512 GB + Original Controller
2026-09-12T13:38:26+00:00,3510497716,xbox_series_x,555,gebraucht,0,31737 Rinteln,Xbox Series X - Neuwertig
2026-09-12T13:38:26+00:00,3510474467,xbox_series_x,280,gebraucht,0,04610 Meuselwitz,"Xbox Series X 1TB SSD, Konsole, schwarz"
2026-09-12T13:38:26+00:00,3510466134,xbox_series_s,200,gebraucht,0,16798 Fürstenberg/Havel,Xbox series s
2026-09-12T13:38:26+00:00,3510464915,xbox_series_x,700,gebraucht,2,25335 Elmshorn,"Xbox Series X Konsole mit Controller, 7 Spielen & Akkus"
2026-09-12T13:38:26+00:00,3510460949,xbox_series_s,200,gebraucht,0,74078 Heilbronn,Xbox Series S Konsole 512 GB Weiß
2026-09-12T13:38:42+00:00,3510569257,steamdeck_oled,300,neu,0,85757 Karlsfeld,Steam Deck OLED 1 TB
2026-09-12T13:38:42+00:00,3510569022,steamdeck,375,gebraucht,0,32825 Blomberg,Steam Deck LCD Absoluter Top Zustand mit Zubehör
2026-09-12T13:38:42+00:00,3510560860,steamdeck,380,gebraucht,0,26465 Langeoog,Steam Deck 512 GB
2026-09-12T13:38:42+00:00,3510503943,steamdeck_oled,340,gebraucht,0,17509 Brünzow,"Steam Deck OLED 1TB, bundle, 1.5TB SD card"
2026-09-12T13:38:42+00:00,3510491871,steamdeck,385,gebraucht,0,33699 Stieghorst,Valve Steam Deck 256GB LCD + Ugreen 9-in-1 Dockingstation
2026-09-12T13:38:42+00:00,3510482111,steamdeck_oled,599,neu,0,97204 Höchberg,Steam Deck 1TB OLED Neu OVP unbenutzt
2026-09-12T13:38:42+00:00,3510476194,steamdeck_oled,600,gebraucht,0,91054 Erlangen,Steam Deck OLED 512 GB
2026-09-12T13:38:42+00:00,3510475259,steamdeck_oled,635,gebraucht,0,25337 Elmshorn,Top Steam Deck OLED 512 gb + Zubehör
2026-09-12T13:38:42+00:00,3510469950,steamdeck_oled,279,gebraucht,0,04610 Meuselwitz,"Steam Deck OLED 1,512 TB"
2026-09-12T13:38:42+00:00,3510455301,steamdeck,700,gebraucht,0,12685 Marzahn,Steam Deck 1 TB
2026-09-12T13:38:42+00:00,3510427532,steamdeck,250,gebraucht,0,65428 Rüsselsheim,Steam deck 64+512
2026-09-12T13:38:42+00:00,3510435233,steamdeck_oled,390,gebraucht,0,95100 Selb,Steam Deck OLED 1TB
2026-09-12T13:38:42+00:00,3510358178,steamdeck_oled,650,gebraucht,0,21035 Hamburg Allermöhe,Steamdeck Oled 1 TB
2026-09-12T13:38:42+00:00,3510316966,steamdeck_oled,600,gebraucht,0,25524 Itzehoe,Steam Deck OLED 512GB mit Docking Station und Tasche
2026-09-12T13:38:42+00:00,3510162412,steamdeck,400,gebraucht,0,42859 Remscheid,Steam Deck LCD 256gb inkl original Dock
2026-09-12T13:38:42+00:00,3510159623,steamdeck,499,gebraucht,0,85737 Ismaning,Valve Steam Deck 512 GB LCD
2026-09-12T13:38:42+00:00,3510153179,steamdeck_oled,600,neu,0,73460 Hüttlingen,Steam Deck 512GB OLED
2026-09-12T13:38:42+00:00,3510071529,steamdeck_oled,590,gebraucht,0,48165 Hiltrup,Steam Deck Oled 512gb + 512 gb MicroSDXC Karte
2026-09-12T13:38:42+00:00,3510035548,steamdeck_oled,700,neu,0,10245 Friedrichshain,Valve Steam Deck OLED 512 GB Schwarz - neu & OVP
2026-09-12T13:38:42+00:00,3510030248,steamdeck_oled,550,gebraucht,0,74177 Bad Friedrichshall,Steam Deck OLED 1 TB
2026-09-12T13:38:42+00:00,3509924789,steamdeck,380,gebraucht,0,42119 Elberfeld,Steam Deck LCD 256gb
2026-09-12T13:38:42+00:00,3509809090,steamdeck_oled,600,neu,0,96515 Sonneberg,Steam Deck OLED 1 TB neu
2026-09-12T13:38:42+00:00,3509806480,steamdeck_oled,650,gebraucht,0,53842 Troisdorf,Steam Deck OLED 512 GB inkl. 512 GB Speicherkarte
2026-09-12T13:42:00+00:00,3510582141,ps5_disc,300,gebraucht,1,28816 Stuhr,playstation 5 + TV × 2x Controller
2026-09-12T13:42:00+00:00,3510581210,ps5_slim,550,gebraucht,0,13585 Spandau,Ps5 slim disc edition
2026-09-12T13:42:00+00:00,3509979473,ps5_disc,400,gebraucht,0,76726 Germersheim,PlayStation 5 Disc Version mit 1. Controller
2026-09-12T13:42:00+00:00,3510580508,ps5_slim,350,gebraucht,0,42857 Remscheid,Sony PlayStation 5 Slim (Disc Edition) 1TB – Voll funktionsfähig
2026-09-12T13:42:00+00:00,3510578573,ps5_digital,350,gebraucht,0,35260 Stadtallendorf,PS5 Digital Editio
2026-09-12T13:42:08+00:00,3510582891,switch,95,gebraucht,0,12623 Mahlsdorf,Nintendo Switch Tablet nur Konsole
2026-09-12T13:42:08+00:00,3510581379,switch,150,gebraucht,0,27639 Dorum,Nintendo Switch mit SD Karte
2026-09-12T13:42:08+00:00,3510516976,switch2,400,neu,0,15370 Petershagen,Nintendo Switch 2 Komplett-Set + Tasche + OVP + Zubehör
2026-09-12T13:45:18+00:00,3510586149,ps5_digital,500,gebraucht,0,71069 Sindelfingen,Sony PlayStation 5 Digital Edition neuwertig mit Zubehör
2026-09-12T13:45:18+00:00,3510583097,ps5_pro,800,gebraucht,0,26123 Oldenburg,PlayStation 5 Pro
2026-09-12T13:45:20+00:00,3510586288,switch,185,gebraucht,0,64297 Darmstadt,Nintendo Switch Konsole Picofly 512GB BITTE LESEN
2026-09-12T13:45:20+00:00,3510586284,switch,280,gebraucht,0,46145 Oberhausen,Nintendo Switch Animal Crossing Edition mit Zubehör & Spielen
2026-09-12T13:45:20+00:00,3510585990,switch_lite,115,neu,0,63067 Offenbach,Nintendo Switch Lite Koralle mit OVP
2026-09-12T13:45:20+00:00,3510585767,switch_oled,190,gebraucht,0,31162 Bad Salzdetfurth,Nintendo Switch OLED in weiß inklusive Maro Kart Lenkräder
2026-09-12T13:45:20+00:00,3510583045,switch2,500,neu,0,38723 Seesen,Nintendo Switch 2 Pokemon Pokopia Bundle Edition neu ungeöffnet
2026-09-12T13:45:22+00:00,3510480115,xbox_series_x,849,neu,0,01217 Strehlen,Xbox Series X 1TB Carbon Black - Disc - NEU - ungeöffnet
2026-09-12T13:48:30+00:00,3510590841,switch,195,gebraucht,1,92361 Berngau,"Nintendo Switch mit 3 Spielen, Dock & Originalzubehör"
2026-09-12T13:48:30+00:00,3510590600,switch,165,gebraucht,0,28309 Hemelingen,Nintendo Switch Konsole mit Zubehör und Tasche
2026-09-12T13:48:30+00:00,3510588879,switch_lite,100,neu,0,10318 Karlshorst,Nintendo Switch Lite NEU
2026-09-12T13:48:30+00:00,3509982864,switch_oled,230,neu,0,88142 Wasserburg,Nintendo Switch OLED + Zubehör und OVP
2026-09-12T13:48:30+00:00,3510587443,switch,200,gebraucht,0,82538 Geretsried,Nintendo Switch V2 Konsole mit Zubehör
2026-09-12T13:51:42+00:00,3510594485,switch_oled,260,gebraucht,0,06118 Halle,Nintendo Switch OLED Modell Konsole mit Spielen und Zubehör
2026-09-12T13:51:42+00:00,3510593857,switch_oled,249,gebraucht,0,77704 Oberkirch,Nintendo Switch OLED Konsole
2026-09-12T13:51:42+00:00,3510591511,switch_oled,280,gebraucht,0,04178 Burghausen-Rückmarsdorf,Nintendo Switch OLED inkl. Zubehör
2026-09-12T13:51:42+00:00,3510591315,switch,500,gebraucht,2,48653 Coesfeld,Nintendo Switch Konsole mit viel Zubehör und 8 Spielen
2026-09-12T13:51:42+00:00,3510591180,switch_oled,300,gebraucht,0,94469 Deggendorf,Nintendo Switch OLED Konsole mit Spielen & Zubehör
2026-09-12T13:54:49+00:00,3510597721,ps5_disc,500,gebraucht,0,21706 Drochtersen,PS5 Disc Edition
2026-09-12T13:54:51+00:00,3510597319,switch2,500,gebraucht,0,38446 Wolfsburg,"Nintendo Switch 2 mit Mario Kart, EA FC26 und Dragon Quest"
2026-09-12T13:54:51+00:00,3510596546,switch,90,gebraucht,0,51545 Waldbröl,Nintendo Switch zu verkaufen
2026-09-12T13:54:51+00:00,3510595187,switch_oled,245,gebraucht,0,86161 Augsburg,Nintendo Switch OLED Modell weiß mit Zubehör
2026-09-12T13:54:57+00:00,3510596702,steamdeck,395,gebraucht,0,87700 Memmingen,Steam Deck LCD 265 GB +  Tasche + Netzteil +  TOP-Zustand!!
2026-09-12T13:57:59+00:00,3510600691,ps5_digital,380,gebraucht,0,08393 Meerane,Sony PlayStation 5 Slim Digital
2026-09-12T13:57:59+00:00,3510599899,ps5_disc,299,gebraucht,0,35510 Butzbach,PS VR 2 PS5
2026-09-12T13:57:59+00:00,3510598621,ps5_disc,450,gebraucht,0,23769 Fehmarn,Playstation 5 Disc Version 825 GB + Controller - Ostholstein
2026-09-12T13:57:59+00:00,3510599080,ps5_slim,475,gebraucht,0,49088 Osnabrück,Playstation 5 Slim mit Disklaufwerk
2026-09-12T13:58:04+00:00,3510599023,switch2,265,gebraucht,0,94474 Vilshofen an der Donau,NINTENDO SWITCH 2 MARIO KART EDITION
2026-09-12T13:58:04+00:00,3510598758,switch_oled,260,gebraucht,0,47228 Rheinhausen,Nintendo Switch OLED | 4 JoyCons | 1 GamePad | 2 Spiele | Case
2026-09-12T13:58:07+00:00,3510598821,xbox_series_x,555,neu,0,31737 Rinteln,Xbox Series X 1TB | Top Zustand| OVP & Zubehör | Zusatzgarantie
2026-09-12T14:01:12+00:00,3510602590,ps5_pro,890,gebraucht,0,66969 Lemberg,Ps5 Pro mit Laufwerk top Zustand
2026-09-12T14:01:17+00:00,3510605746,switch,210,gebraucht,0,26529 Rechtsupweg,Nintendo Switch Konsole
2026-09-12T14:01:17+00:00,3510503368,switch,70,gebraucht,0,76437 Rastatt,Nintendo Switch
2026-09-12T14:01:17+00:00,3510416646,switch_oled,125,gebraucht,0,09224 Mittelbach,Nintendo Switch OLED
2026-09-12T14:01:17+00:00,3510181590,switch_oled,150,gebraucht,0,18437 Stralsund,Nintendo Switch Oled Weiß
2026-09-12T14:04:30+00:00,3510609511,ps5_disc,520,neu,0,53474 Bad Neuenahr-Ahrweiler,Ps5 Neu  1TB Garantie (Hersteller)
2026-09-12T14:04:30+00:00,3510608971,ps5_disc,300,gebraucht,0,01277 Striesen-Süd,Sony PlayStation 5 Konsole Disk Edition mit Netzkabel
2026-09-12T14:04:41+00:00,3510606610,switch_oled,279,neu,0,46562 Voerde (Niederrhein),"Nintendo Switch OLED inkl. OVP, Original Zubehör & Spiel"
2026-09-12T14:07:48+00:00,3510613984,ps5_digital,400,gebraucht,0,21682 Stade,PlayStation 5 Slim Digital Edition 825GB
2026-09-12T14:07:48+00:00,3510612168,ps5_disc,540,neu,0,51107 Rath-Heumar,PlayStation 5 Set mit VR DualSense Edge
2026-09-12T14:07:48+00:00,3510565921,ps5_pro,1400,gebraucht,0,07973 Greiz,PS5 Pro 2TB mit Laufwerk und Controller-Ladestation GTA 6 ready
2026-09-12T14:07:52+00:00,3510613464,switch_oled,350,neu,2,74864 Fahrenbach,Nintendo Switch OLED Komplettpaket (OVP)+6Spiele & extra Zubehör
2026-09-12T14:07:52+00:00,3510612149,switch,175,gebraucht,0,16835 Lindow,"Nintendo Switch mit viel Zubehör, Pro Controller & Tasche"
2026-09-12T14:07:55+00:00,3510612048,xbox_series_s,220,gebraucht,1,41169 Mönchengladbach,Xbox Series S mit 2  controller
2026-09-12T14:11:02+00:00,3510616807,ps5_disc,300,gebraucht,0,31535 Neustadt am Rübenberge,PlayStation 5 mit einem Controller
2026-09-12T14:11:08+00:00,3510616408,switch_oled,200,neu,0,93089 Aufhausen,Nintendo Switch OLED Edition
2026-09-12T14:11:08+00:00,3510615603,switch,250,gebraucht,0,51375 Leverkusen,Nintendo Switch inkl. spielen und Zubehör
2026-09-12T14:11:11+00:00,3510617568,xbox_series_x,280,gebraucht,0,18565 Vitte,Xbox Series X
2026-09-12T14:11:11+00:00,3510615996,xbox_series_x,260,gebraucht,1,18586 Goehren,Xbox Series X 1TB mit 2 Controller
2026-09-12T14:14:28+00:00,3510621557,ps5_pro,350,gebraucht,0,18609 Ostseebad Binz,Playstation 5 pro
2026-09-12T14:14:28+00:00,3510620503,ps5_pro,1050,gebraucht,0,70599 Plieningen,PlayStation 5 Pro + Zubehör
2026-09-12T14:14:37+00:00,3510621785,switch,270,gebraucht,0,26676 Barßel,Nintendo Switch Mario Kart 8 Deluxe + Zubehör – neuwertig
2026-09-12T14:14:37+00:00,3510621537,switch,100,gebraucht,0,63654 Büdingen,Nintendo switch mit Zubehör 128gb Speicherkarte und 1 Spiel
2026-09-12T14:14:40+00:00,3510621364,xbox_series_s,120,gebraucht,1,20253 Hamburg Eimsbüttel (Stadtteil),Xbox Elite Series 2 Controller mit Zubehör
2026-09-12T14:17:47+00:00,3510624184,ps5_digital,499,neu,0,85411 Hohenkammer,Sony PlayStation 5 Slim Digital 825GB mit OVP und Controller Jo
2026-09-12T14:17:55+00:00,3510622725,switch_oled,300,neu,0,44229 Kirchhörde,Nintendo Switch OLED Karmesin/Purpur
2026-09-12T14:21:07+00:00,3510629715,switch,220,gebraucht,0,31137 Hildesheim,Nintendo Switch V1 Hac01 von 2017
2026-09-12T14:21:07+00:00,3510629068,switch,170,gebraucht,0,41472 Neuss,Nintendo Switch + Tasche und Spiel!
2026-09-12T14:21:07+00:00,3510628497,switch,350,gebraucht,0,86399 Bobingen,Nintendo Switch Konsole
2026-09-12T14:24:25+00:00,3510633522,switch2,265,neu,0,25923 Süderlügum,Nintendo Switch 2 + Pro Controller + 2 Spiele
2026-09-12T14:24:25+00:00,3510630086,switch_oled,230,gebraucht,0,94469 Deggendorf,Nintendo Switch OLED Mario Red Edition + Mario Kart 8 Deluxe
2026-09-12T14:27:44+00:00,3510635904,ps5_disc,280,gebraucht,0,61449 Steinbach,PS5 konsole
2026-09-12T14:27:44+00:00,3510635744,ps5_disc,250,gebraucht,0,75172 Pforzheim,Sony PlayStation 5 Konsole 1 TB
2026-09-12T14:27:44+00:00,3510634518,ps5_pro,959,gebraucht,0,38640 Goslar,PlayStation 5 Pro 2TB inkl. Controller
2026-09-12T14:27:44+00:00,3510633770,ps5_pro,450,gebraucht,1,08056 Zwickau,PS5 Pro 2TB mit Laufwerk und 2 Controller Top Zustand
2026-09-12T14:27:44+00:00,3510572807,ps5_pro,550,gebraucht,0,66663 Merzig,Sony Playstation 5 pro mit Laufwerk - PS5 Pro Disk 2 TB
2026-09-12T17:15:23+00:00,3510813572,ps5_disc,450,gebraucht,0,63452 Hanau,Playstation 5 DISC
2026-09-12T17:15:23+00:00,3510810582,ps5_digital,560,neu,0,14165 Zehlendorf,Sony PlayStation 5 Digital Edition Konsole - Neu
2026-09-12T17:15:23+00:00,3510809434,ps5_disc,500,gebraucht,1,20097 Hamburg Hammerbrook,PlayStation 5 PS5 mit Disc-Laufwerk + 2 Controller - Top Zustand
2026-09-12T17:15:23+00:00,3510805034,ps5_slim_digital,400,gebraucht,0,54636 Dahlem,Ps5 slim digital edition
2026-09-12T17:15:23+00:00,3510805165,ps5_pro,349,gebraucht,0,18190 Sanitz,PlayStation 5 Pro ⚠️  Warnung ⚠️
2026-09-12T17:15:23+00:00,3510801961,ps5_digital,450,gebraucht,0,08058 Zwickau,Sony PlayStation 5 Digital Edition 825GB mit Zubehör
2026-09-12T17:15:23+00:00,3510796740,ps5_disc,600,gebraucht,1,31582 Nienburg (Weser),PlayStation 5 Disc Edition mit 2 Controllern
2026-09-12T17:15:23+00:00,3510791749,ps5_disc,480,gebraucht,1,55411 Bingen,Sony PlayStation 5 Konsole mit 2 Controllern und 2 Spielen
2026-09-12T17:15:23+00:00,3510791456,ps5_disc,370,gebraucht,0,01277 Striesen-Süd,Sony PlayStation 5 Konsole Disc Edition
2026-09-12T17:15:23+00:00,3510791233,ps5_disc,320,gebraucht,0,10997 Kreuzberg,Sony PlayStation 5
2026-09-12T17:15:23+00:00,3510790910,ps5_slim,450,neu,0,90443 Südstadt,sony ps 5 slim 1TB mit OVP
2026-09-12T17:15:23+00:00,3510790375,ps4_pro,160,gebraucht,0,74076 Heilbronn,Sony PlayStation 4 Pro - FIFA 19 Bundle
2026-09-12T17:15:23+00:00,3510789485,ps5_disc,450,gebraucht,3,04758 Oschatz,Sony PlayStation 5 Fortnite Bundle inkl. EA Sports FC 25
2026-09-12T17:15:23+00:00,3510788870,ps5_disc,648,gebraucht,0,68219 Mannheim,Sony PlayStation 5 1TB - 2 Wochen alt mit Rechnung
2026-09-12T17:15:23+00:00,3510788097,ps5_disc,159,gebraucht,0,07743 Jena,"SAMSUNG 990 PRO Heatsink PS5 1TB, Gaming Festplatte"
2026-09-12T17:15:23+00:00,3510169365,ps5_disc,449,gebraucht,0,67294 Morschheim,Sony PlayStation 5 Disc Edition mit DualSense Controller
2026-09-12T17:15:23+00:00,3510761986,ps5_disc,620,neu,0,71229 Leonberg,playstation 5 disk version mit externem lüfter und games
2026-09-12T17:15:28+00:00,3510815883,switch_lite,90,gebraucht,0,32339 Espelkamp,Nintendo Switch Lite - Top Zustand + Tasche
2026-09-12T17:15:28+00:00,3510813868,switch,350,neu,1,53757 Sankt Augustin,Nintendo Switch Schwarz + 3 Spiele + OVP + Zubehör +Komplett Set
2026-09-12T17:15:28+00:00,3510812673,switch_oled,160,gebraucht,0,85049 Ingolstadt,Switch Oled
2026-09-12T17:15:28+00:00,3510781025,switch_oled,400,gebraucht,3,66646 Marpingen,Nintendo Switch OLED in Weiß
2026-09-12T17:15:28+00:00,3510807154,switch_oled,230,gebraucht,0,22453 Hamburg Groß Borstel,Nintendo Switch OLED Modell mit Mario Kart 8 Deluxe & Zubehör
2026-09-12T17:15:28+00:00,3510805256,switch,180,gebraucht,0,27711 Osterholz-Scharmbeck,Nintendo Switch V1 (2017) + 128 GB microSD
2026-09-12T17:15:28+00:00,3510804395,switch,200,gebraucht,2,12627 Hellersdorf,Nintendo Switch mit 6 Spielen
2026-09-12T17:15:28+00:00,3510803406,switch_oled,250,gebraucht,0,28844 Weyhe,Nintendo Switch OLED neuwertig
2026-09-12T17:15:28+00:00,3510801990,switch,135,gebraucht,0,26817 Rhauderfehn,Nintendo Switch Mario Edition – sehr guter Zustand
2026-09-12T17:15:28+00:00,3510800397,switch,130,neu,2,91710 Gunzenhausen,Nintendo switch
2026-09-12T17:15:28+00:00,3510799356,switch_lite,120,gebraucht,0,27798 Hude (Oldenburg),Nintendo Switch Lite mit Zubehör und 2 Spielen
2026-09-12T17:15:28+00:00,3485872153,switch_oled,270,gebraucht,1,26903 Surwold,"Nintendo Switch OLED mit Zubehör, Tasche und 5 Spielen! Pokemon"
2026-09-12T17:15:28+00:00,3510799058,switch_lite,249,gebraucht,0,89079 Ulm,"Nintendo Switch Lite mit Originalverpackung, Zubehör & 2 Spielen"
2026-09-12T17:15:28+00:00,3510796173,switch,180,gebraucht,1,83278 Traunstein,"Nintendo Switch Konsole mit Dock, 2 Joy-Cons & Pokémon Schwert"
2026-09-12T17:15:28+00:00,3510795059,switch,220,gebraucht,0,97074 Würzburg,Nintendo Switch Konsole mit viel Zubehör
2026-09-12T17:15:28+00:00,3510790058,switch_oled,280,gebraucht,0,63263 Neu-Isenburg,Nintendo Switch OLED mo.1
2026-09-12T17:15:28+00:00,3510788592,switch,280,gebraucht,0,53111 Bonn-Zentrum,Nintendo Switch mit Zubehör TOP Zustand
2026-09-12T17:15:28+00:00,3510788048,switch,150,gebraucht,0,70771 Leinfelden-Echterdingen,Nintendo Switch Konsole mit Zubehör
2026-09-12T17:15:28+00:00,3510787465,switch,220,neu,1,24113 Hassee-Vieburg,Nintendo Switch Komplettset (Neon-Rot/Blau) in OVP+Pro Controller
2026-09-12T17:15:28+00:00,3510786128,switch,160,gebraucht,0,14974 Ludwigsfelde,Nintendo Switch  V1
2026-09-12T17:15:58+00:00,3510719160,steamdeck_oled,699,neu,0,86720 Nördlingen,Steam Deck OLED 512 GB – Neu & OVP – direkt von Steam
2026-09-12T17:15:58+00:00,3510720617,steamdeck_oled,575,gebraucht,0,96450 Coburg,Steam Deck Oled 512gb
2026-09-12T17:15:58+00:00,3510012697,steamdeck,210,gebraucht,0,64546 Mörfelden-Walldorf,Steam Deck 512Gb
2026-09-12T17:19:12+00:00,3510818602,switch,180,gebraucht,1,46145 Oberhausen,Nintendo switch animal crossing edition
2026-09-12T17:19:15+00:00,3510812201,xbox_series_s,190,neu,0,32339 Espelkamp,Xbox Series S 512 GB – Einwandfreier Zustand – inkl. OVP
2026-09-12T17:19:15+00:00,3510802713,xbox_series_x,500,gebraucht,0,76534 Baden-Baden,Xbox Series X + 2 Spiele
2026-09-12T17:19:15+00:00,3510796321,xbox_series_s,180,neu,0,36266 Heringen (Werra),Xbox Series S mit OVP
2026-09-12T17:19:15+00:00,3510794000,xbox_series_s,140,gebraucht,0,99765 Heringen / Helme,verkaufe meine xbox series s
2026-09-12T17:19:15+00:00,3510791230,xbox_series_s,300,gebraucht,0,97072 Würzburg,Xbox Series S
2026-09-12T17:19:15+00:00,3510769323,xbox_series_x,570,gebraucht,0,49406 Barnstorf,Xbox Series X Konsole mit Controller
2026-09-12T17:19:15+00:00,3510756134,xbox_series_s,200,gebraucht,0,28857 Syke,Xbox series s
2026-09-12T17:19:15+00:00,3510746729,xbox_series_x,280,neu,0,63071 Offenbach,Microsoft Xbox Series X - 1 TB - Schwarz - inkl. Controller
2026-09-12T17:19:15+00:00,3510740830,xbox_one_x,150,gebraucht,0,21514 Güster,Xbox One X Konsole schwarz
2026-09-12T17:19:15+00:00,3510729719,xbox_series_s,200,gebraucht,0,24582 Bordesholm,Xbox Series S 512GB mit Controller
2026-09-12T17:19:15+00:00,3510729543,xbox_series_s,1300,gebraucht,0,73035 Göppingen,MICROSOFT XBOX SERIES X25 LIMITED EDITION - pre order
2026-09-12T17:19:15+00:00,3510727076,xbox_series_x,690,neu,0,22089 Hamburg Eilbek,Xbox Series X 1TB - Neu und versiegelt
2026-09-12T17:19:15+00:00,3510725679,xbox_series_x,580,neu,0,47057 Duisburg-Mitte,Xbox Series X Konsole mit Controller und OVP
2026-09-12T17:19:15+00:00,3510724437,xbox_series_s,305,gebraucht,0,57271 Hilchenbach,Xbox S Elite
2026-09-12T17:19:15+00:00,3510722986,xbox_series_x,550,neu,1,27313 Dörverden,Xbox series X
2026-09-12T17:19:15+00:00,3510714341,xbox_series_x,320,gebraucht,0,73105 Dürnau,Günstiger als andere Weil!! Xbox Series x
2026-09-12T17:19:15+00:00,3510708021,xbox_series_x,555,neu,0,13585 Spandau,Xbox Series X Konsole inkl. OVP
2026-09-12T17:19:15+00:00,3510704866,xbox_series_s,210,gebraucht,0,40789 Monheim am Rhein,Xbox S 512 GB SSD
2026-09-12T17:19:15+00:00,3510700653,xbox_one,90,gebraucht,1,60327 Westend,Xbox One S Konsole mit 2 Controllern
2026-09-12T17:19:15+00:00,3510697424,xbox_series_x,700,gebraucht,0,87600 Kaufbeuren,Xbox Series X - Digital Edition
2026-09-12T17:22:34+00:00,3510821436,ps5_digital,550,neu,0,67269 Grünstadt,"Playstation 5 digital Slim , 825 GB Neu und OVP"
2026-09-12T17:22:34+00:00,3510821394,ps5_disc,200,neu,0,66482 Zweibrücken,PS5 potibil
2026-09-12T17:22:41+00:00,3510821649,switch_oled,220,gebraucht,0,96450 Coburg,OLED Nintendo Switch + Zubehör
2026-09-12T17:22:44+00:00,3510820731,xbox_series_x,550,gebraucht,0,99092 Erfurt,Xbox Series X Konsole mit Controller und Headset
2026-09-12T17:25:51+00:00,3510824476,ps5_digital,280,gebraucht,0,16227 Eberswalde,Ps5 digital
2026-09-12T17:25:51+00:00,3510823253,ps5_slim_digital,300,gebraucht,0,44795 Bochum-Südwest,PS5 Slim Digital | 1TB | inklusive Controller
2026-09-12T17:29:04+00:00,3510827116,ps5_digital,510,neu,0,97836 Bischbrunn,PS5 Digital Edition 825GB
2026-09-12T17:29:08+00:00,3510827318,switch_lite,55,gebraucht,0,81825 Trudering-Riem,Nintendo Switch Lite gelb
2026-09-12T17:29:08+00:00,3510827046,switch2,400,gebraucht,0,28359 Horn,Switch 2 + Pro Controller + Tasche
2026-09-12T17:29:28+00:00,3510827483,steamdeck,700,gebraucht,0,71336 Waiblingen,Steam Deck 512GB+1TB SSD
2026-09-12T17:32:31+00:00,3510829280,ps5_slim,430,neu,0,67112 Mutterstadt,Ps5 Slim Disc + Originalverpackung
2026-09-12T17:32:35+00:00,3510829686,switch,200,gebraucht,0,24103 Mitte,Nintendo Switch
2026-09-12T17:35:44+00:00,3510238199,ps5_digital,350,gebraucht,1,83561 Ramerberg,PS5 Digital Edition
2026-09-12T17:35:44+00:00,3510830724,ps5_disc,415,gebraucht,0,67112 Mutterstadt,Ps5 Disc + Controller
2026-09-12T17:35:49+00:00,3510831662,switch2,360,gebraucht,0,67112 Mutterstadt,Nintendo Switch 2 + Garantie
2026-09-12T17:35:53+00:00,3510832328,xbox_series_x,649,neu,0,52222 Stolberg (Rhld),Xbox Series X Robot White nur einmal benutzt !! Mit Garantie 2028
2026-09-12T17:35:53+00:00,3510832783,xbox_series_s,220,gebraucht,1,47506 Neukirchen-Vluyn,XBox Series S inklusive 2 Controller
2026-09-12T17:35:53+00:00,3510832613,xbox_series_x,580,neu,0,13125 Buch,xbox serie x top spart euch Anfragen wie 400
2026-09-12T17:39:00+00:00,3510833578,ps5_slim,680,gebraucht,0,67071 Ludwigshafen,PlayStation 5 Slim PS5 Disc Ghost of Yotei Limited Edition 1TB
2026-09-12T17:42:23+00:00,3510838277,ps5_disc,600,gebraucht,1,36433 Bad Salzungen,PlayStation 5 Disc Edition + 1 Controller + 3 Spiele /2 limitiert
2026-09-12T17:42:23+00:00,3510836740,ps5_disc,390,neu,1,67112 Mutterstadt,Ps5 + 2 Controller und Monitor
2026-09-12T17:43:12+00:00,3510837439,xbox_series_x,470,gebraucht,0,66115 Burbach,X Box Series X
2026-09-12T17:46:18+00:00,3510740695,ps5_disc,360,neu,0,27568 Bremerhaven,PlayStation 5 / PS5 inkl. Controller & Zubehör Digitql
2026-09-12T17:46:23+00:00,3510841258,switch2,690,gebraucht,0,28215 Findorff-Bürgerweide,Nintendo Switch 2 The Legend of Zelda 40th Anniversary Edition
2026-09-12T17:46:23+00:00,3510839622,switch_oled,160,gebraucht,0,41469 Neuss,Nintendo Switch OLED Modell - Weiß
2026-09-12T17:46:27+00:00,3510839450,xbox_series_x,535,neu,0,31737 Rinteln,Xbox Series X 1TB | Top Zustand| OVP & Zubehör | Zusatzgarantie
2026-09-12T17:49:34+00:00,3510842048,ps5_slim,380,neu,0,94474 Vilshofen an der Donau,PlayStation 5 Slim Edition
2026-09-12T17:49:34+00:00,3510841838,ps5_disc,500,gebraucht,0,49152 Bad Essen,Sony PlayStation 5 Konsole
2026-09-12T17:49:34+00:00,3510841734,ps5_disc,480,gebraucht,0,44369 Huckarde,PlayStation 5 Standard Edition mit Laufwerk
2026-09-12T17:49:40+00:00,3510814654,switch2,400,gebraucht,1,71636 Ludwigsburg,Nintendo Switch 2 mit Panzerglas
2026-09-12T17:49:40+00:00,3510842961,switch_lite,110,gebraucht,0,17192 Waren (Müritz),Verkaufe Nintendo switch lite  gut erhalten
2026-09-12T17:49:40+00:00,3510841823,switch,210,neu,1,49176 Hilter am Teutoburger Wald,Nintendo Switch Konsole mit Dock und 4 Spielen
2026-09-12T17:49:49+00:00,3510843844,xbox_series_s,200,gebraucht,0,28759 St. Magnus,Xbox Series S 364 GB + Controller – guter Zustand
2026-09-12T17:53:01+00:00,3510846724,switch,190,gebraucht,0,20097 Hamburg Hammerbrook,Nintendo Switch
2026-09-12T17:53:01+00:00,3510844975,switch_oled,250,gebraucht,1,47169 Wehofen,Nintendo Switch OLED Weiß + 3 Spiele (Mario Kart 8 Deluxe etc.)
2026-09-12T17:53:01+00:00,3510845175,switch_oled,265,gebraucht,0,65428 Rüsselsheim,Nintendo Switch Oled mit viele Zubehör und Spielen
2026-09-12T17:53:01+00:00,3510844321,switch,300,gebraucht,0,63679 Schotten,Nintendo Switch
2026-09-12T17:53:07+00:00,3510846222,steamdeck_oled,600,gebraucht,0,48480 Spelle,Valve Steam Deck 1 TB OLED sehr guter Zustand
2026-09-12T17:56:10+00:00,3510848067,ps5_disc,450,gebraucht,1,51515 Kürten,PlayStation 5 Disc Edition 2 Controller
2026-09-12T17:56:16+00:00,3510847825,switch_oled,150,gebraucht,0,53177 Bad Godesberg,Nintendo Switch OLED weiß *komplett*
2026-09-12T17:59:33+00:00,3510851862,xbox_series_s,300,neu,0,97753 Karlstadt,Xbox Series S Mit OVP und Controller.
2026-09-12T18:02:48+00:00,3510854183,ps5_disc,550,neu,0,70372 Bad Cannstatt,PS5 Playstation 5 Konsole mit disc laufeerk 200h gespielt
2026-09-12T18:02:51+00:00,3510852973,switch,120,gebraucht,0,68753 Waghäusel,Nintendo Switch Konsole
2026-09-12T18:02:51+00:00,3510852594,switch_oled,250,gebraucht,0,39179 Meitzendorf,Nintendo Switch OLED
2026-09-12T18:02:51+00:00,3510852269,switch_oled,220,gebraucht,0,65203 Wiesbaden,Nintendo Switch OLED neuwertig mit Garantie
2026-09-12T18:02:55+00:00,3510852414,xbox_series_x,305,neu,1,18586 Sellin,Verkaufe Xbox Series X i- Wie Neu! Inklusive 3 Spiele Ungeöffnet
2026-09-13T14:27:39+00:00,3511810747,ps5_digital,470,gebraucht,0,84032 Landshut,PS5 | Playstation 5 Digital Edition 1TB
2026-09-13T14:27:39+00:00,3511806294,ps5_disc,550,neu,0,90451 Aussenstadt-Sued,Ps5 mit ovp Kassenzettel Controller spiele
2026-09-13T14:27:39+00:00,3511806965,ps5_digital,499,neu,2,42107 Elberfeld,Ps5 Digital Edition + 3 Controller+ Ovp
2026-09-13T14:27:39+00:00,3511797821,ps5_disc,500,gebraucht,0,91126 Schwabach,PlayStation 5 Konsole mit Controller und Spiel
2026-09-13T14:27:39+00:00,3511793150,ps5_disc,400,gebraucht,1,35586 Wetzlar,Ps5 normale Edition
2026-09-13T14:27:39+00:00,3511792008,ps5_disc,550,gebraucht,0,42853 Remscheid,Sony PlayStation 5 Konsole mit Controller
2026-09-13T14:27:39+00:00,3511789873,ps5_pro,1150,neu,0,59846 Sundern (Sauerland),PS5 Pro Neu & originalverpackt -CF7121
2026-09-13T14:27:39+00:00,3511788485,ps5_disc,240,gebraucht,0,50735 Riehl,PlayStation 5 mit CD-/Blu-ray-Laufwerk.
2026-09-13T14:27:39+00:00,3511790201,ps5_digital,530,neu,0,69245 Bammental,Sony PlayStation 5 Konsole Digital Edition
2026-09-13T14:27:39+00:00,3511783283,ps4,130,gebraucht,0,46284 Dorsten,Sony PlayStation 4 Slim 500GB mit Controller und Kabel
2026-09-13T14:27:39+00:00,3511775236,ps5_disc,450,gebraucht,0,30179 Nord,PS5 mit Laufwerk
2026-09-13T14:27:39+00:00,3511770921,ps5_slim,520,neu,0,41748 Viersen,PS5 Slim Disc Version 1TB / Wie Neu / Rechnung + Garantie /
2026-09-13T14:27:39+00:00,3511772290,ps5_disc,600,gebraucht,1,48431 Rheine,Playstation 5 mit headset und 2 controller
2026-09-13T14:27:48+00:00,3511809281,switch,120,gebraucht,0,63065 Offenbach,Nintendo Switch Konsole mit Zubehör und Originalverpackung
2026-09-13T14:27:48+00:00,3511810809,switch,150,gebraucht,0,27619 Schiffdorf,Nintendo Switch
2026-09-13T14:27:48+00:00,3511808939,switch,195,neu,0,44649 Herne,Nintendo Switch in OVP mit Zubehör und 2 Spielen
2026-09-13T14:27:48+00:00,3511808799,switch_oled,200,gebraucht,0,13599 Spandau,Nintendo Switch OLED mit Zubehör
2026-09-13T14:27:48+00:00,3511805002,switch,280,neu,0,58239 Schwerte,Nintendo Switch mit Aluminum Gehäuse Spit Controller NYXI Dock
2026-09-13T14:27:48+00:00,3511806270,switch,170,gebraucht,0,38729 Wallmoden,"Nintendo Switch + Joy-Controller, SD Speicherkarte"
2026-09-13T14:27:48+00:00,3511802212,switch,180,gebraucht,0,67434 Neustadt an der Weinstraße,Nintendo Switch 1
2026-09-13T14:27:48+00:00,3511803909,switch,400,gebraucht,3,25836 Garding,Nintendo Switch + Zubehör und Spiele
2026-09-13T14:27:48+00:00,3511801601,switch_oled,150,gebraucht,0,47661 Issum,Nintendo Switch OLED Modell komplett mit Zubehör
2026-09-13T14:27:48+00:00,3511798204,switch_oled,329,gebraucht,0,76227 Karlsruhe,Nintendo Switch OLED in Weiß+vier Spiele
2026-09-13T14:27:48+00:00,3511800174,switch,300,neu,0,47053 Duisburg-Mitte,Nintendo Switch in OVP + Case+ Ringfit Adventure + Spiele
2026-09-13T14:27:48+00:00,3511801630,switch_lite,90,gebraucht,0,80339 Schwanthalerhöhe,Nintendo Switch lite (Türkis) mit 32 GB
2026-09-13T14:27:48+00:00,3511800811,switch,250,gebraucht,0,42853 Remscheid,Nintendo Switch Konsole mit Zubehör
2026-09-13T14:27:48+00:00,3511800666,switch_lite,100,gebraucht,0,61440 Oberursel (Taunus),Nintendo Switch lite
2026-09-13T14:27:48+00:00,3511793597,switch,225,gebraucht,2,63303 Dreieich,Nintendo Switch
2026-09-13T14:27:48+00:00,3511792709,switch_oled,180,gebraucht,0,47608 Geldern,Nintendo Switch OLED Modell mit Zubehör
2026-09-13T14:27:48+00:00,3485841897,switch,199,gebraucht,1,"04105 Leipzig, Zentrum-Nord",Nintendo Switch + Pro Controller und 3 Spiele
2026-09-13T14:27:48+00:00,3511792155,switch,199,gebraucht,0,42553 Velbert,Nintendo Switch Konsole mit Zubehör
2026-09-13T14:27:48+00:00,3511794938,switch2,399,gebraucht,0,31226 Peine,Nintendo Switch 2
2026-09-13T14:27:48+00:00,3511794770,switch_oled,170,gebraucht,0,77830 Bühlertal,Nintendo Switch OLED Rot / Blau
2026-09-13T14:27:48+00:00,3511791315,switch_oled,250,gebraucht,0,14943 Luckenwalde,Nintendo Switch OLED
2026-09-13T14:27:48+00:00,3511791974,switch,200,neu,0,22523 Hamburg Eidelstedt,Nintendo Switch Super Smash Bros. Ultimate Edition mit OVP
2026-09-13T14:27:48+00:00,3511791534,switch_oled,120,gebraucht,0,16303 Schwedt (Oder),Nintendo Switch OLED Modell mit Zubehör und 2 Spielen
2026-09-13T14:27:57+00:00,3511801256,xbox_series_x,540,gebraucht,0,26725 Emden,Xbox series x
2026-09-13T14:27:57+00:00,3511783000,xbox_series_x,550,gebraucht,0,52353 Düren,Xbox Series X 1TB
2026-09-13T14:27:57+00:00,3511646434,xbox_series_s,279,neu,2,71229 Leonberg,Xbox Series S mit 3 Controllern und OVP
2026-09-13T14:27:57+00:00,3511781910,xbox_series_s,400,gebraucht,0,48429 Rheine,Xbox Series S+1TB Expansion Card+ 2TB HDD+ Ladestation mit Akku
2026-09-13T14:27:57+00:00,3511775990,xbox_series_s,300,gebraucht,0,20253 Hamburg Eimsbüttel (Stadtteil),Microsoft XBOX Series S 512 GB *neuwertig*
2026-09-13T14:27:57+00:00,3511764361,xbox_series_x,285,gebraucht,0,88161 Lindenberg im Allgäu,Xbox Series X 1TB Zubehör
2026-09-13T14:27:57+00:00,3511759576,xbox_series_s,150,neu,0,66706 Perl,Xbox Series S
2026-09-13T14:27:57+00:00,3511747875,xbox_series_s,300,neu,1,13409 Reinickendorf,Xbox Series S
2026-09-13T14:27:57+00:00,3511747847,xbox_series_s,220,gebraucht,0,49419 Wagenfeld,Xbox Series s
2026-09-13T14:27:57+00:00,3511722812,xbox_series_x,570,gebraucht,0,73430 Aalen,Xbox Series X 1TB mit Elite Controller Series 2
2026-09-13T14:27:57+00:00,3511721015,xbox_series_x,650,gebraucht,0,24837 Schleswig,Xbox Serie x
2026-09-13T14:27:57+00:00,3511715943,xbox_series_x,480,gebraucht,0,96047 Bamberg,Xbox Series X 1 TB
2026-09-13T14:27:57+00:00,3511700106,xbox_series_s,200,gebraucht,0,90491 Oststadt,X Box Series S 512GB
2026-09-13T14:27:57+00:00,3511699290,xbox_series_s,230,neu,0,45772 Marl,Xbox Series S (512 GB) mit OVP + 4 Controller (Set / Paket)
2026-09-13T14:27:57+00:00,3511697669,xbox_series_s,200,gebraucht,0,06217 Merseburg,Xbox Series S mit speziellem Blumen-Controller
2026-09-13T14:28:00+00:00,3511697022,steamdeck,380,gebraucht,0,23966 Wismar,"Steam Deck 64 GB+ Docking Station, SD Karte sowie Zubehör"
2026-09-13T14:28:00+00:00,3511603945,steamdeck,450,gebraucht,0,74423 Obersontheim,Steam Deck 512GB +512GB SD Karte +Dockingstation
2026-09-13T14:28:00+00:00,3511636128,steamdeck,330,gebraucht,0,42855 Remscheid,Steam Deck 64 GB LCD – neuwertiger Zustand + Hülle/Folie
2026-09-13T14:28:00+00:00,3511629019,steamdeck,499,gebraucht,0,07955 Auma,Steam Deck / 1TB / Dockingstation
2026-09-13T14:28:00+00:00,3511601167,steamdeck,350,gebraucht,0,14197 Wilmersdorf,Steam Deck 64gb Schwarz - sehr gut
2026-09-13T14:28:00+00:00,3511600958,steamdeck,330,neu,0,26188 Edewecht,Steam Deck 64GB LCD
2026-09-13T14:28:00+00:00,3510957236,steamdeck_oled,700,gebraucht,0,12627 Hellersdorf,Steam Deck OLED 1  TB
2026-09-13T14:28:00+00:00,3511588863,steamdeck_oled,660,gebraucht,0,72584 Hülben,Steam Deck 512 GB OLED
2026-09-13T14:28:00+00:00,3511479151,steamdeck,419,gebraucht,0,68159 Mannheim,Original Steam Deck 512GB / 64GB + Ladekabel + Tasche
2026-09-13T14:28:00+00:00,3511451336,steamdeck,450,gebraucht,0,53881 Euskirchen,Steam Deck LCD 512 GB + 512 GB microSD
2026-09-13T14:28:00+00:00,3511432494,steamdeck_oled,599,neu,0,66125 Dudweiler,Steam Deck OLED 512 GB – sehr guter Zustand – OVP + Rechnung
2026-09-13T14:28:00+00:00,3511414904,steamdeck_oled,520,gebraucht,0,26603 Aurich,Steam Deck 512 GB OLED
2026-09-13T14:28:00+00:00,3511385412,steamdeck_oled,580,gebraucht,0,50968 Bayenthal,Valve Steam Deck OLED – 512 GB – Top Zustand
2026-09-13T14:28:00+00:00,3511204364,steamdeck_oled,589,gebraucht,0,88161 Lindenberg im Allgäu,Steam Deck Handheld OLED 512 GB
2026-09-13T14:28:00+00:00,3511151525,steamdeck,399,gebraucht,0,66333 Völklingen,Steam Deck 256 GB LCD
2026-09-13T14:28:00+00:00,3511145667,steamdeck_oled,550,gebraucht,0,06258 Schkopau,Steam Deck OLED 512 GB + Dockingstation (Top Zustand)
2026-09-13T14:28:00+00:00,3511003539,steamdeck_oled,550,gebraucht,0,39114 Magdeburg,Steam Deck OLED 512 GB + Dockingstation (100% Akkugesundheit)
2026-09-13T14:28:00+00:00,3510987906,steamdeck,300,gebraucht,0,81675 Au-Haidhausen,Steam Deck LCD 512 GB
2026-09-13T14:28:00+00:00,3510927336,steamdeck_oled,549,gebraucht,0,50321 Brühl,STEAM DECK OLED + GARANTIE!!! 512 GB
2026-09-13T14:28:00+00:00,3510911265,steamdeck_oled,490,neu,0,31608 Marklohe,Steam Deck 512GB OLED mit OVP
2026-09-13T14:31:10+00:00,3511814691,ps5_pro,1000,gebraucht,0,12526 Treptow,PlayStation 5 Ps5 Pro Black Edition 2 Tb
2026-09-13T14:31:10+00:00,3511816043,ps5_disc,540,neu,0,86399 Bobingen,PlayStation 5 Disc Edition (1 TB)Top-Zustand inkl. OVP & Zubehör
2026-09-13T14:31:10+00:00,3511813907,ps5_slim,500,neu,0,28779 Blumenthal,PlayStation 5 slim disc mit ovp
2026-09-13T14:31:19+00:00,3511814463,switch,440,gebraucht,0,49419 Wagenfeld,Nintendo Switch Konsole mit viel Zubehör und Controllern
2026-09-13T14:31:19+00:00,3511815918,switch,280,gebraucht,0,35745 Herborn,Nintendo Switch Komplettpaket
2026-09-13T14:31:19+00:00,3511811316,switch,95,gebraucht,0,42117 Elberfeld-West,Nintendo Switch Konsole 1 '17 grau
2026-09-13T14:34:35+00:00,3511816114,xbox_series_x,650,gebraucht,0,59425 Unna,XBox Serie X 1 TB + Gaming Stuhl + 2 Monitore
2026-09-13T14:37:49+00:00,3511828420,ps5_disc,460,gebraucht,0,90408 Mitte,PlayStation 5
2026-09-13T14:37:49+00:00,3511822570,ps5_disc,550,neu,1,45699 Herten,PlayStation 5 Disc Edition mit 2 Controllern & OVP
2026-09-13T14:37:49+00:00,3511827303,ps5_disc,420,neu,0,25436 Moorrege,Sony PlayStation / PS5 Disc Edition OVP sehr guter Zustand
2026-09-13T14:38:00+00:00,3511829264,switch,170,gebraucht,0,31241 Ilsede,Nintendo Switch mit Dockingstation
2026-09-13T14:38:00+00:00,3511823175,switch,130,gebraucht,0,26817 Rhauderfehn,Nintendo Switch Mario Edition
2026-09-13T14:38:00+00:00,3511825661,switch_oled,250,gebraucht,0,70806 Kornwestheim,Nintendo Switch OLED – Komplettset mit viel Zubehör
2026-09-13T14:41:16+00:00,3511838609,ps5_digital,499,neu,0,60386 Riederwald,PS5 Digital Neuwertig mit OVP
2026-09-13T14:41:19+00:00,3511790039,switch,300,gebraucht,0,95509 Marktschorgast,Nintendo Switch  Mario Kart 8 Deluxe + Spiele / Zubehör
2026-09-13T14:41:19+00:00,3511834780,switch_lite,99,gebraucht,0,25524 Itzehoe,Nintendo Switch lite *top Zustand*
2026-09-13T14:41:19+00:00,3511837014,switch_oled,169,neu,0,49477 Ibbenbüren,Nintendo Switch OLED Konsole in OVP mit Zubehör
2026-09-13T14:41:19+00:00,3511831334,switch_oled,229,neu,0,42107 Elberfeld,Nintendo Switch OLED  + Tasche + Ovp
2026-09-13T14:41:21+00:00,3511834702,xbox_series_s,249,gebraucht,0,90439 Großreuth b Schweinau,Xbox Series S 512GB + Controller + komplettes Zubehör
2026-09-13T14:41:21+00:00,3511829804,xbox_series_x,490,neu,1,45478 Mülheim (Ruhr),Xbox Series X 1 TB inkl. 2 Controller & OVP
2026-09-13T14:44:28+00:00,3511842245,ps5_pro,810,neu,0,29525 Uelzen,PlayStation 5 Pro 2TB Konsole mit Controller & OVP
2026-09-13T14:44:28+00:00,3511843505,ps5_disc,500,gebraucht,1,14943 Luckenwalde,Playstation 5
2026-09-13T14:44:28+00:00,3511842677,ps5_disc,360,gebraucht,0,47799 Krefeld,PlayStation 5 mit Laufwerk ‼️
2026-09-13T14:44:28+00:00,3511839802,ps5_disc,350,neu,0,16792 Zehdenick,ps5 Konsolen
2026-09-13T14:44:30+00:00,3511845470,switch_lite,100,gebraucht,0,06463 Ermsleben,Nintendo switch lite
2026-09-13T14:44:30+00:00,3511843445,switch_oled,370,neu,0,40223 Flehe,Nintendo Switch OLED und Pro Controller Zelda Edition OVP + Case
2026-09-13T14:44:30+00:00,3511839710,switch,150,gebraucht,0,39112 Magdeburg,Nintendo Switch
2026-09-13T14:47:38+00:00,3511846239,ps5_pro,740,neu,0,22529 Hamburg Lokstedt,PlayStation 5 pro neu
2026-09-13T14:47:41+00:00,3511847557,switch,220,gebraucht,0,85051 Ingolstadt,Nintendo Switch Diablo III Limited Edition Konsole
2026-09-13T14:50:51+00:00,3511857116,ps5_slim,499,gebraucht,0,64347 Griesheim,PlayStation 5 Slim Disc Console 1TB Ghost of Yotei Gold Edition
2026-09-13T14:50:51+00:00,3511855790,ps5_digital,429,gebraucht,0,39576 Stendal,PlayStation 5 Digital Version / inkl. Controller und Kabel
2026-09-13T14:50:51+00:00,3511852339,ps5_slim,650,gebraucht,0,34292 Ahnatal,"PS5 Slim Konsole mit Laufwerk, Headset, Controller & Spiel"
2026-09-13T14:51:01+00:00,3511857032,switch,150,gebraucht,0,51381 Leverkusen,Nintendo Switch Konsole
2026-09-13T14:51:01+00:00,3511854297,switch,200,neu,0,82131 Gauting,Nintendo Switch mit Zubehör und OVP
2026-09-13T14:51:01+00:00,3511856667,switch,120,gebraucht,0,49577 Ankum,Nintendo Switch
2026-09-13T14:51:01+00:00,3511852802,switch,185,gebraucht,0,07778 Dornburg,"Nintendo Switch, mit Zubehör und Tasche"
2026-09-13T14:51:01+00:00,3511852962,switch,120,gebraucht,0,34246 Vellmar,Nintendo Switch
2026-09-13T14:51:01+00:00,3511853349,switch,175,gebraucht,0,14513 Teltow,Nintendo Switch – Fortnite Edition (limitiert) + viel Zubehör
2026-09-13T14:51:01+00:00,3511790952,switch,160,gebraucht,0,81669 Au-Haidhausen,Nintendo Switch V2 mit Dock und 4 Controllern
2026-09-13T14:51:01+00:00,3511851638,switch,155,gebraucht,0,58515 Lüdenscheid,Nintendo Switch Konplettset
2026-09-13T14:54:17+00:00,3511863133,ps5_pro,1000,neu,0,25782 Tellingstedt,playstation 5 pro
2026-09-13T14:54:17+00:00,3511859328,ps5_disc,450,neu,0,47551 Bedburg-Hau,PS5 + Garantie und Controller  wie Neu
2026-09-13T14:54:17+00:00,3511859290,ps5_disc,450,gebraucht,0,24214 Gettorf,Playstation 5
2026-09-13T14:54:17+00:00,3511858837,ps5_pro,570,gebraucht,0,66663 Merzig,Sony PlayStation 5 Pro + Disc-Laufwerk + PS Portal + DualSense
2026-09-13T14:54:17+00:00,3511858825,ps5_digital,439,gebraucht,0,46149 Oberhausen,PlayStation 5 Digital Edition (825 GB) - Guter Zustand
2026-09-13T14:54:21+00:00,3511862375,switch,240,neu,0,31311 Uetze,Nintendo Switch Konsole mit Zubehör und RingFit Adventure
2026-09-13T14:54:21+00:00,3511863501,switch,170,gebraucht,0,87616 Marktoberdorf,Nintendo Switch Set
2026-09-13T14:54:21+00:00,3511858531,switch,200,gebraucht,0,79798 Jestetten,Nintendo switch 1
2026-09-13T14:54:21+00:00,3511858048,switch,180,neu,0,04425 Taucha,Nintendo Switch Spielekonsole mit original Verpackung *wie neu*
2026-09-13T14:54:21+00:00,3511858137,switch,199,gebraucht,0,79639 Grenzach-Wyhlen,Nintendo Switch
2026-09-13T14:58:05+00:00,3511870233,switch,279,gebraucht,1,63811 Stockstadt a. Main,Nintendo Switch 1 - grau +  3 Spiele & Zubehör
2026-09-13T14:58:05+00:00,3511869818,switch2,450,gebraucht,0,44807 Bochum-Nord,Nintendo Switch 2
2026-09-13T14:58:05+00:00,3511868247,switch,200,gebraucht,0,17291 Prenzlau,Nintendo Switch
2026-09-13T14:58:05+00:00,3511868087,switch2,420,gebraucht,0,44319 Wickede,Nintendo Switch 2 mit Controller
2026-09-13T14:58:05+00:00,3511866905,switch_lite,110,gebraucht,0,88427 Bad Schussenried,Nintendo Switch Lite neuwertig
2026-09-13T14:58:05+00:00,3511865910,switch_lite,90,gebraucht,0,83109 Großkarolinenfeld,Nintendo Switch Lite Grau
2026-09-13T15:01:14+00:00,3511877279,ps5_pro,1049,gebraucht,0,45896 Gelsenkirchen,Sony PlayStation 5 Pro 2TB Konsole
2026-09-13T15:01:14+00:00,3511875479,ps5_disc,350,gebraucht,0,55120 Mainz,Playstation 5 mit 1 controller
2026-09-13T15:01:14+00:00,3511874843,ps5_disc,210,gebraucht,0,17291 Prenzlau,PlayStation 5 Remote Player
2026-09-13T15:01:14+00:00,3511872266,ps5_disc,180,gebraucht,0,68723 Schwetzingen,playstation 5 konsole mit laufwerk und controller
2026-09-13T15:01:14+00:00,3511871765,ps5_pro,830,neu,0,24103 Mitte,PS5 Pro NEU|Garantie|CFI-7121| Playstation 5 Pro
2026-09-13T15:01:14+00:00,3511870647,ps5_disc,200,gebraucht,0,02957 Krauschwitz,Logitech G923 TRUEFORCE Rennlenkrad mit Pedalen (PS5/PS4/PC)
2026-09-13T15:01:14+00:00,3511870124,ps5_disc,270,gebraucht,0,70173 Stuttgart-Mitte,PlayStation 5 Disc Edition 1 TB
2026-09-13T15:01:14+00:00,3511869202,ps5_pro,1089,neu,0,48653 Coesfeld,Sony PlayStation 5 Pro Konsole - 2TB - Neu & OVP
2026-09-13T15:01:14+00:00,3511867599,ps5_slim,500,gebraucht,0,10559 Tiergarten,PlayStation 5 Slim Laufwerk + 1 Controller + Ladestation
2026-09-13T15:01:14+00:00,3511859640,ps5_disc,450,neu,0,31135 Hildesheim,Sony PlayStation 5 Konsole - OVP
2026-09-13T15:01:14+00:00,3511863964,ps5_disc,150,gebraucht,0,10627 Charlottenburg,Sony PlayStation 5 + DualShock Controller
2026-09-13T15:01:14+00:00,3511863715,ps5_slim,550,gebraucht,0,57518 Alsdorf (Westerwald),PlayStation 5 slim mit Laufwerk mit zubehör
2026-09-13T15:01:14+00:00,3511864205,ps5_disc,450,neu,0,31135 Hildesheim,Sony PlayStation 5 Konsole - OVP
2026-09-13T15:01:14+00:00,3511863869,ps5_slim,400,neu,0,25721 Eggstedt,"PlayStation 5 Slim mit Laufwerk, 1 TB, mit 83 Betriebstunden"
2026-09-13T15:01:30+00:00,3511873853,switch_oled,230,neu,0,15859 Storkow (Mark),Nintendo Switch OLED
2026-09-13T15:01:30+00:00,3511873344,switch,199,neu,0,99098 Erfurt,"Nintendo Switch Konsole mit Pro Controller & 256GB SD-Karte, OVP"
2026-09-13T15:01:30+00:00,3511872689,switch_oled,300,gebraucht,0,74842 Billigheim,Nintendo Switch OLED Modell inkl. 256 GB SD-Karte und Tasche
2026-09-13T15:01:30+00:00,3511872970,switch,195,gebraucht,0,41236 Mönchengladbach,Nintendo switch super mario smashbros Limited Edition
2026-09-13T15:01:30+00:00,3511871172,switch,160,neu,0,52134 Herzogenrath,Nintendo Switch Konsole mit OVP
2026-09-13T15:01:34+00:00,3511875735,xbox_series_s,220,neu,0,82418 Murnau am Staffelsee,Xbox Series S Konsole mit Controller und OVP *Neuwertig*
2026-09-13T15:01:34+00:00,3511874429,xbox_series_s,289,gebraucht,0,53127 Ippendorf,Xbox Series S
2026-09-13T15:04:45+00:00,3511882830,ps5_slim,540,neu,0,68159 Mannheim,Sony PlayStation 5 PS5 Slim Disc Edition 1TB - Wie NEU
2026-09-13T15:04:45+00:00,3511881950,ps5_disc,550,gebraucht,1,92237 Sulzbach-Rosenberg,Sony PlayStation 5 Konsole mit 2 Controllern
2026-09-13T15:04:45+00:00,3511879907,ps5_slim,499,gebraucht,0,45772 Marl,PlayStation 5 Slim
2026-09-13T15:04:45+00:00,3511878217,ps5_disc,439,gebraucht,0,20095 Hamburg Altstadt,Sony PS5 Disc - Original 667 GB Weiß SEHR GUT
2026-09-13T15:04:52+00:00,3511842799,switch_oled,259,neu,3,13055 Hohenschönhausen,"Nintendo Switch OLED OVP + Ring-Con + Ring Fit Adventure, 9 Spiel"
2026-09-13T15:04:52+00:00,3511883546,switch_lite,150,gebraucht,0,23566 Lübeck,Nintendo Switch Lite mit Animal Crossing
2026-09-13T15:04:52+00:00,3511883999,switch_oled,180,gebraucht,0,22145 Hamburg-Nord,Nintendo Switch OLED
2026-09-13T15:04:52+00:00,3511883337,switch_lite,120,gebraucht,0,31020 Salzhemmendorf,Nintendo Switch Lite inklusive Netzteil und Schale
2026-09-13T15:04:52+00:00,3511883477,switch2,400,gebraucht,0,15230 Frankfurt (Oder),Nintendo Switch 2
2026-09-13T15:04:52+00:00,3511883366,switch,175,neu,0,23554 St. Lorenz Nord,Nintendo Switch 1
2026-09-13T15:04:52+00:00,3511882454,switch_oled,165,neu,0,34329 Nieste,"Nintendo Switch OLED, mit Tasche und OVP"
2026-09-13T15:04:52+00:00,3511882393,switch_oled,200,neu,0,58453 Witten,Nintendo Switch Oled
2026-09-13T15:04:52+00:00,3511880238,switch,200,gebraucht,0,42109 Elberfeld,Nintendo Switch Fortnite Edition
2026-09-13T15:04:52+00:00,3511877727,switch_oled,250,gebraucht,0,97904 Dorfprozelten,Nintendo Switch OLED Modell mit Zubehör & Mario Kart 8
2026-09-13T15:08:07+00:00,3511888876,ps5_slim,500,gebraucht,1,64625 Bensheim,PS5 Slim Disc Edition 1TB + 2 DualSense Controller + Kabel
2026-09-13T15:08:07+00:00,3511888596,ps5_disc,350,neu,0,26382 Wilhelmshaven,PlayStation 5 Disc Version
2026-09-13T15:08:07+00:00,3511887439,ps5_disc,550,gebraucht,0,99869 Drei Gleichen,Playstation 5 Fat Disc Edition / Firmware 10.01 / Jailbreak
2026-09-13T15:08:07+00:00,3511884991,ps5_pro,620,neu,0,92224 Amberg,"PlayStation 5 Pro 2TB + Disc-Laufwerk + Zubehör, OVP, wie neu"
2026-09-13T15:08:14+00:00,3511889765,switch,400,gebraucht,0,46414 Rhede,Nintendo Switch mit vielen Teilen
2026-09-13T15:08:14+00:00,3511888897,switch_oled,250,neu,0,99444 Blankenhain,Nintendo Switch OLED Weiß + 2 Spiele + OVP
2026-09-13T15:08:14+00:00,3511888466,switch,190,gebraucht,0,90409 Nordstadt,Nintendo Switch grau mit komplettem Zubehör
2026-09-13T15:08:14+00:00,3511887333,switch,295,gebraucht,0,76287 Rheinstetten,Nintendo Switch Komplettset inkl. Originalzubehör und 2 Spielen
2026-09-13T15:08:14+00:00,3511885456,switch2,430,gebraucht,0,45768 Marl,Nintendo switch 2 mit Tomodachi Life
2026-09-13T15:08:14+00:00,3511884663,switch_oled,249,gebraucht,0,22043 Hamburg Jenfeld,Nintendo Switch OLED inkl.2 Spiele + Tasche
2026-09-13T15:08:20+00:00,3511887096,steamdeck_oled,600,neu,0,33604 Bielefeld (Innenstadt),"Steam Deck OLED 512GB, sehr gut, OVP + Zubehör"
2026-09-13T15:11:35+00:00,3511896098,switch_lite,139,gebraucht,0,66440 Blieskastel,Nintendo Switch Lite Türkis (SET)
2026-09-13T15:11:38+00:00,3511890231,xbox_series_x,415,neu,0,53332 Bornheim,Xbox Series X inkl. Controller mit TMR-Umbau
2026-09-13T15:14:56+00:00,3511899478,ps5_slim,439,neu,0,27232 Sulingen,PlayStation 5 Slim Edition
2026-09-13T15:15:03+00:00,3511902381,switch,190,gebraucht,0,25462 Rellingen,Nintendo Switch mit Zubehör und Tasche
2026-09-13T15:15:03+00:00,3511900158,switch,175,gebraucht,1,31249 Hohenhameln,Nintendo Switch mit 4 spielen
2026-09-13T15:15:03+00:00,3511899589,switch_oled,245,gebraucht,1,27578 Bremerhaven,Nintendo Switch OLED + 4 Spiele
2026-09-13T15:15:03+00:00,3511898271,switch,170,gebraucht,0,26725 Emden,Nintendo Switch Konsole
2026-09-13T15:15:03+00:00,3511898140,switch,180,gebraucht,0,51688 Wipperfürth,Nintendo Switch Mario Red & Blue Edition im Set
2026-09-13T15:15:03+00:00,3511898075,switch_lite,165,gebraucht,0,76549 Hügelsheim,Nintendo switch lite grau + tasche
2026-09-13T15:15:03+00:00,3511896504,switch,130,gebraucht,0,38268 Lengede,Nintendo Switch V1 HAC-001 mit Dock und Netzteil
2026-09-13T15:15:03+00:00,3511896402,switch,140,gebraucht,0,22846 Norderstedt,Nintendo Switch Konsole mit Zubehör und Tasche
2026-09-13T15:15:03+00:00,3511896692,switch_oled,200,gebraucht,0,82418 Murnau am Staffelsee,Nintendo Switch OLED Modell mit Pro Controller *Neuwertig*
2026-09-13T15:15:06+00:00,3511903373,xbox_series_x,520,gebraucht,0,98660 Themar,Eine Xbox series x mit 1TB Speicher (sehr guter Zustand)
